"DATASET","SERIES_CODE","OBS_MEASURE","COUNTRY","INDICATOR","FREQUENCY","SCALE","1995","1996","1997","1998","1999","2000","2001","2002","2003","2004","2005","2006","2007","2008","2009","2010","2011","2012","2013","2014","2015","2016","2017","2018","2019","2020","2021","2022","2023","2024","2025"
"IMF.RES:WEO(6.0.0)","PLW.LP.A","OBS_VALUE","Palau, Republic of","Population, Persons for countries / Index for country groups","Annual","Millions","","","","","","19000.0","19000.0","19000.0","20000.0","20000.0","20000.0","20000.0","19000.0","19000.0","18000.0","18000.0","18000.0","17000.0","18000.0","18000.0","18000.0","18000.0","18000.0","18000.0","18000.0","18000.0","18000.0","18000.0","18000.0","18000.0","18000.0"
"IMF.RES:WEO(6.0.0)","SVN.LP.A","OBS_VALUE","Slovenia, Republic of","Population, Persons for countries / Index for country groups","Annual","Millions","1989000.0","1990000.0","1987000.0","1985000.0","1978000.0","1988000.0","1990000.0","1994000.0","1995000.0","1996000.0","1998000.0","2003000.0","2010000.0","2010000.0","2032000.0","2047000.0","2050000.0","2055000.0","2059000.0","2061000.0","2063000.0","2064000.0","2066000.0","2067000.0","2081000.0","2096000.0","2109000.0","2107000.0","2117000.0","2124000.0","2129000.0"
"IMF.RES:WEO(6.0.0)","AFG.LP.A","OBS_VALUE","Afghanistan, Islamic Republic of","Population, Persons for countries / Index for country groups","Annual","Millions","","","","","","","","2.1E7","2.2645E7","2.3554E7","2.4411E7","2.5443E7","2.5903E7","2.6427E7","2.7385E7","2.819E7","2.9249E7","3.0466E7","3.1541E7","3.2716E7","3.3753E7","3.4636E7","3.5643E7","3.6687E7","3.7769E7","3.8972E7","4.0099E7","4.1142E7","4.2171E7","",""
"IMF.RES:WEO(6.0.0)","AND.LP.A","OBS_VALUE","Andorra, Principality of","Population, Persons for countries / Index for country groups","Annual","Millions","","","","","","","","","","","","","","","","70000.0","70000.0","70000.0","70000.0","71000.0","72000.0","73000.0","75000.0","76000.0","78000.0","78000.0","80000.0","82000.0","85000.0","87000.0","89000.0"
"IMF.RES:WEO(6.0.0)","ARM.LP.A","OBS_VALUE","Armenia, Republic of","Population, Persons for countries / Index for country groups","Annual","Millions","3220000.0","3170000.0","3140000.0","3110000.0","3090000.0","3080000.0","3060000.0","3050000.0","3040000.0","3030000.0","3010000.0","3000000.0","2990000.0","2980000.0","2970000.0","2966000.0","2968000.0","2970000.0","2980000.0","2985000.0","2990000.0","2993000.0","2979000.0","2969000.0","2963000.0","2962000.0","2962000.0","2930000.0","2964000.0","2964000.0","2965000.0"
"IMF.RES:WEO(6.0.0)","ABW.LP.A","OBS_VALUE","Aruba, Kingdom of the Netherlands","Population, Persons for countries / Index for country groups","Annual","Millions","96000.0","99000.0","100000.0","100000.0","101000.0","102000.0","102000.0","103000.0","105000.0","106000.0","107000.0","109000.0","109000.0","109000.0","109000.0","109000.0","108000.0","107000.0","107000.0","108000.0","108000.0","108000.0","108000.0","108000.0","108000.0","109000.0","109000.0","109000.0","109000.0","109000.0","109000.0"
"IMF.RES:WEO(6.0.0)","AZE.LP.A","OBS_VALUE","Azerbaijan, Republic of","Population, Persons for countries / Index for country groups","Annual","Millions","7644000.0","7726000.0","7800000.0","7877000.0","7953000.0","8033000.0","8114000.0","8191000.0","8269000.0","8349000.0","8447000.0","8553000.0","8666000.0","8779000.0","8922000.0","8997000.0","9111000.0","9235000.0","9356000.0","9477000.0","9593000.0","9705000.0","9810000.0","9898000.0","9951000.0","9974000.0","1.0026E7","1.0063E7","1.0127E7","1.0249E7","1.0372E7"
"IMF.RES:WEO(6.0.0)","BLR.LP.A","OBS_VALUE","Belarus, Republic of","Population, Persons for countries / Index for country groups","Annual","Millions","1.0177E7","1.0142E7","1.0093E7","1.0045E7","1.0019E7","9990000.0","9929000.0","9866000.0","9797000.0","9730000.0","9664000.0","9605000.0","9561000.0","9528000.0","9505000.0","9484000.0","9462000.0","9447000.0","9443000.0","9449000.0","9461000.0","9469000.0","9459000.0","9439000.0","9420000.0","9380000.0","9303000.0","9228000.0","9178000.0","9132000.0","9087000.0"
"IMF.RES:WEO(6.0.0)","LKA.LP.A","OBS_VALUE","Sri Lanka","Population, Persons for countries / Index for country groups","Annual","Millions","1.8243E7","1.8367E7","1.8471E7","1.8565E7","1.8663E7","1.8778E7","1.8912E7","1.9062E7","1.9224E7","1.9387E7","1.9545E7","1.9696E7","1.9842E7","1.9984E7","2.0124E7","2.0262E7","2.0398E7","2.0425E7","2.0585E7","2.0778E7","2.097E7","2.1203E7","2.1444E7","2.167E7","2.1803E7","2.1919E7","2.2156E7","2.2396E7","2.2638E7","2.2882E7",""
"IMF.RES:WEO(6.0.0)","BOL.LP.A","OBS_VALUE","Bolivia","Population, Persons for countries / Index for country groups","Annual","Millions","7567000.0","7717000.0","7871000.0","8026000.0","8183000.0","8430000.0","8590000.0","8750000.0","8910000.0","9070000.0","9230000.0","9390000.0","9550000.0","9710000.0","9870000.0","1.003E7","1.019E7","1.035E7","1.051E7","1.067E7","1.083E7","1.099E7","1.115E7","1.131E7","1.147E7","1.163E7","1.18E7","1.196E7","1.213E7","1.229E7","1.245E7"
"IMF.RES:WEO(6.0.0)","BIH.LP.A","OBS_VALUE","Bosnia and Herzegovina","Population, Persons for countries / Index for country groups","Annual","Millions","","3763000.0","3736000.0","3732000.0","3743000.0","3751000.0","3755000.0","3759000.0","3760000.0","3763000.0","3766000.0","3768000.0","3762000.0","3754000.0","3736000.0","3704000.0","3660000.0","3605000.0","3531000.0","3526000.0","3518000.0","3511000.0","3504000.0","3496000.0","3491000.0","3487000.0","3481000.0","3473000.0","3464000.0","3455000.0","3445000.0"
"IMF.RES:WEO(6.0.0)","BRN.LP.A","OBS_VALUE","Brunei Darussalam","Population, Persons for countries / Index for country groups","Annual","Millions","287000.0","295000.0","302000.0","310000.0","317000.0","325000.0","333000.0","340000.0","346000.0","352000.0","359000.0","365000.0","370000.0","375000.0","380000.0","387000.0","393000.0","399000.0","403000.0","408000.0","412000.0","417000.0","426000.0","437000.0","451000.0","442000.0","441000.0","445000.0","451000.0","454000.0","458000.0"
"IMF.RES:WEO(6.0.0)","KHM.LP.A","OBS_VALUE","Cambodia","Population, Persons for countries / Index for country groups","Annual","Millions","1.0427E7","1.0738E7","1.1034E7","1.1314E7","1.1581E7","1.1835E7","1.2027E7","1.2223E7","1.2421E7","1.2623E7","1.2829E7","1.3037E7","1.3249E7","1.3465E7","1.3684E7","1.3906E7","1.4132E7","1.4362E7","1.4596E7","1.4833E7","1.5074E7","1.5319E7","1.5568E7","1.5821E7","1.6079E7","1.6338E7","1.6592E7","1.6843E7","1.7012E7","1.7182E7","1.7354E7"
"IMF.RES:WEO(6.0.0)","MAC.LP.A","OBS_VALUE","Macao Special Administrative Region, People's Republic of China","Population, Persons for countries / Index for country groups","Annual","Millions","","","","","","","436000.0","441000.0","447000.0","463000.0","484000.0","513000.0","538000.0","549000.0","542000.0","552000.0","557000.0","582000.0","608000.0","636000.0","647000.0","645000.0","653000.0","667000.0","680000.0","683000.0","683000.0","673000.0","684000.0","688000.0","699000.0"
"IMF.RES:WEO(6.0.0)","TJK.LP.A","OBS_VALUE","Tajikistan, Republic of","Population, Persons for countries / Index for country groups","Annual","Millions","5668000.0","5735000.0","5822000.0","5939000.0","6115000.0","6216000.0","6327000.0","6448000.0","6577000.0","6713000.0","6854000.0","7001000.0","7152000.0","7310000.0","7473000.0","7642000.0","7816000.0","7995000.0","8178000.0","8363000.0","8549000.0","8735000.0","8921000.0","9107000.0","9292000.0","9475000.0","9657000.0","9836000.0","1.0013E7","1.0188E7","1.036E7"
"IMF.RES:WEO(6.0.0)","HRV.LP.A","OBS_VALUE","Croatia, Republic of","Population, Persons for countries / Index for country groups","Annual","Millions","4453000.0","4494000.0","4572000.0","4501000.0","4554000.0","4381000.0","4300000.0","4302000.0","4303000.0","4305000.0","4310000.0","4311000.0","4310000.0","4310000.0","4305000.0","4295000.0","4281000.0","4268000.0","4256000.0","4202000.0","4152000.0","4107000.0","4041000.0","3989000.0","3949000.0","3914000.0","3879000.0","3856000.0","3860000.0","3856000.0","3854000.0"
"IMF.RES:WEO(6.0.0)","DMA.LP.A","OBS_VALUE","Dominica","Population, Persons for countries / Index for country groups","Annual","Millions","71000.0","71000.0","71000.0","71000.0","71000.0","71000.0","71000.0","71000.0","71000.0","71000.0","71000.0","71000.0","71000.0","71000.0","71000.0","71000.0","70000.0","69000.0","70000.0","70000.0","71000.0","71000.0","69000.0","70000.0","72000.0","73000.0","74000.0","74000.0","74000.0","75000.0","75000.0"
"IMF.RES:WEO(6.0.0)","ERI.LP.A","OBS_VALUE","Eritrea, The State of","Population, Persons for countries / Index for country groups","Annual","Millions","2204000.0","2196000.0","2195000.0","2206000.0","2237000.0","2292000.0","2375000.0","2481000.0","2601000.0","2720000.0","2827000.0","2918000.0","2997000.0","3063000.0","3120000.0","3170000.0","3214000.0","3250000.0","3281000.0","3311000.0","3343000.0","3377000.0","3413000.0","3453000.0","3497000.0","","","","","",""
"IMF.RES:WEO(6.0.0)","GEO.LP.A","OBS_VALUE","Georgia","Population, Persons for countries / Index for country groups","Annual","Millions","4742000.0","4573000.0","4410000.0","4290000.0","4198000.0","4117000.0","4038000.0","3991000.0","3966000.0","3938000.0","3917000.0","3888000.0","3873000.0","3848000.0","3829000.0","3800000.0","3774000.0","3739000.0","3718000.0","3717000.0","3722000.0","3729000.0","3726000.0","3730000.0","3724000.0","3717000.0","3729000.0","3689000.0","3736000.0","3695000.0","3694000.0"
"IMF.RES:WEO(6.0.0)","GIN.LP.A","OBS_VALUE","Guinea","Population, Persons for countries / Index for country groups","Annual","Millions","7837000.0","8095000.0","8296000.0","8457000.0","8601000.0","8746000.0","8895000.0","9046000.0","9205000.0","9380000.0","9576000.0","9799000.0","1.0047E7","1.0315E7","1.0593E7","1.0876E7","1.1162E7","1.1451E7","1.1745E7","1.2044E7","1.2345E7","1.2654E7","1.297E7","1.3294E7","1.3627E7","1.3967E7","1.4317E7","1.4674E7","1.5041E7","1.5417E7","1.5803E7"
"IMF.RES:WEO(6.0.0)","IRQ.LP.A","OBS_VALUE","Iraq","Population, Persons for countries / Index for country groups","Annual","Millions","","","","","","","","","2.596E7","2.6674E7","2.7377E7","2.8064E7","2.8741E7","2.943E7","3.0163E7","3.0962E7","3.176E7","3.2578E7","3.3417E7","3.5E7","3.5213E7","3.6169E7","3.714E7","3.8124E7","3.9128E7","4.015E7","4.1191E7","4.2249E7","4.3324E7","4.4415E7","4.5521E7"
"IMF.RES:WEO(6.0.0)","LTU.LP.A","OBS_VALUE","Lithuania, Republic of","Population, Persons for countries / Index for country groups","Annual","Millions","3629000.0","3602000.0","3575000.0","3549000.0","3524000.0","3500000.0","3471000.0","3443000.0","3415000.0","3377000.0","3323000.0","3270000.0","3231000.0","3198000.0","3163000.0","3097000.0","3028000.0","2988000.0","2958000.0","2932000.0","2905000.0","2868000.0","2828000.0","2802000.0","2794000.0","2795000.0","2801000.0","2824000.0","2883000.0","2892000.0","2893000.0"
"IMF.RES:WEO(6.0.0)","KOS.LP.A","OBS_VALUE","Kosovo, Republic of","Population, Persons for countries / Index for country groups","Annual","Millions","","","","","","1472000.0","1472000.0","1511000.0","1537000.0","1631000.0","1651000.0","1674000.0","1699000.0","1720000.0","1748000.0","1775000.0","1802000.0","1786000.0","1769000.0","1753000.0","1736000.0","1719000.0","1703000.0","1686000.0","1670000.0","1653000.0","1637000.0","1620000.0","1604000.0","1587000.0","1577000.0"
"IMF.RES:WEO(6.0.0)","KWT.LP.A","OBS_VALUE","Kuwait","Population, Persons for countries / Index for country groups","Annual","Millions","1802000.0","1894000.0","1980000.0","2027000.0","2107000.0","2138000.0","2183000.0","2262000.0","2325000.0","2391000.0","2245000.0","2328000.0","2411000.0","2778000.0","2778000.0","2933000.0","3247000.0","3428000.0","3588000.0","3744000.0","3925000.0","4083000.0","4227000.0","4420000.0","4465000.0","4336000.0","4217000.0","4794000.0","4913000.0","5012000.0","5112000.0"
"IMF.RES:WEO(6.0.0)","KAZ.LP.A","OBS_VALUE","Kazakhstan, Republic of","Population, Persons for countries / Index for country groups","Annual","Millions","1.5676E7","1.5481E7","1.5188E7","1.4955E7","1.4902E7","1.4884E7","1.4858E7","1.4859E7","1.4909E7","1.5013E7","1.5147E7","1.5308E7","1.5484E7","1.5674E7","1.6093E7","1.6322E7","1.6557E7","1.6792E7","1.7036E7","1.7288E7","1.7543E7","1.7794E7","1.8038E7","1.8276E7","1.8514E7","1.8756E7","1.9001E7","1.9635E7","1.99E7","2.0129E7","2.0351E7"
"IMF.RES:WEO(6.0.0)","LVA.LP.A","OBS_VALUE","Latvia, Republic of","Population, Persons for countries / Index for country groups","Annual","Millions","2501000.0","2470000.0","2445000.0","2421000.0","2399000.0","2382000.0","2353000.0","2321000.0","2299000.0","2277000.0","2250000.0","2228000.0","2209000.0","2192000.0","2163000.0","2121000.0","2075000.0","2045000.0","2024000.0","2001000.0","1986000.0","1969000.0","1950000.0","1934000.0","1920000.0","1908000.0","1893000.0","1876000.0","1883000.0","1872000.0","1868000.0"
"IMF.RES:WEO(6.0.0)","KGZ.LP.A","OBS_VALUE","Kyrgyz Republic","Population, Persons for countries / Index for country groups","Annual","Millions","4525000.0","4596000.0","4661000.0","4732000.0","4806000.0","4875000.0","4922000.0","4968000.0","5013000.0","5073000.0","5136000.0","5189000.0","5248000.0","5289000.0","5348000.0","5418000.0","5478000.0","5552000.0","5663000.0","5777000.0","5895000.0","6019000.0","6140000.0","6257000.0","6389000.0","6517000.0","6654000.0","6795000.0","6931000.0","7077000.0","7227000.0"
"IMF.RES:WEO(6.0.0)","FSM.LP.A","OBS_VALUE","Micronesia, Federated States of","Population, Persons for countries / Index for country groups","Annual","Millions","106000.0","106000.0","106000.0","107000.0","107000.0","107000.0","107000.0","106000.0","106000.0","106000.0","106000.0","105000.0","104000.0","104000.0","103000.0","103000.0","104000.0","104000.0","104000.0","103000.0","103000.0","102000.0","101000.0","100000.0","98000.0","97000.0","96000.0","95000.0","95000.0","95000.0","95000.0"
"IMF.RES:WEO(6.0.0)","MDA.LP.A","OBS_VALUE","Moldova, Republic of","Population, Persons for countries / Index for country groups","Annual","Millions","2970000.0","2960000.0","2950000.0","2946000.0","2941000.0","2934000.0","2928000.0","2920000.0","2911000.0","2906000.0","2897000.0","2890000.0","2883000.0","2879000.0","2876000.0","2873000.0","2873000.0","2873000.0","2871000.0","2869000.0","2845000.0","2824000.0","2780000.0","2730000.0","2685000.0","2644000.0","2627000.0","2565000.0","2492000.0","2423000.0","2356000.0"
"IMF.RES:WEO(6.0.0)","MHL.LP.A","OBS_VALUE","Marshall Islands, Republic of the","Population, Persons for countries / Index for country groups","Annual","Millions","","","49000.0","50000.0","51000.0","51000.0","51000.0","50000.0","50000.0","50000.0","51000.0","51000.0","52000.0","52000.0","52000.0","53000.0","53000.0","53000.0","52000.0","51000.0","50000.0","49000.0","47000.0","45000.0","44000.0","44000.0","42000.0","41000.0","40000.0","38000.0","36000.0"
"IMF.RES:WEO(6.0.0)","MRT.LP.A","OBS_VALUE","Mauritania, Islamic Republic of","Population, Persons for countries / Index for country groups","Annual","Millions","2292000.0","2358000.0","2425000.0","2495000.0","2568000.0","2643000.0","2720000.0","2800000.0","2882000.0","2965000.0","3047000.0","2953000.0","3036000.0","3119000.0","3202000.0","3285000.0","3369000.0","3454000.0","3537000.0","3621000.0","3706000.0","3794000.0","3881000.0","3970000.0","4058000.0","4147000.0","4240000.0","4334000.0","4430000.0","4529000.0","4629000.0"
"IMF.RES:WEO(6.0.0)","NRU.LP.A","OBS_VALUE","Nauru, Republic of","Population, Persons for countries / Index for country groups","Annual","Millions","","","","","","","","","","10000.0","10000.0","9000.0","9000.0","9000.0","10000.0","10000.0","10000.0","10000.0","11000.0","11000.0","12000.0","12000.0","13000.0","12000.0","12000.0","12000.0","12000.0","13000.0","13000.0","13000.0","13000.0"
"IMF.RES:WEO(6.0.0)","MNE.LP.A","OBS_VALUE","Montenegro","Population, Persons for countries / Index for country groups","Annual","Millions","","","","","","","","","","","","","","","","","","","","","","","","","","","","","633000.0","634000.0","634000.0"
"IMF.RES:WEO(6.0.0)","MNG.LP.A","OBS_VALUE","Mongolia","Population, Persons for countries / Index for country groups","Annual","Millions","2243000.0","2276000.0","2307000.0","2340000.0","2373000.0","2403000.0","2432000.0","2466000.0","2495000.0","2522000.0","2551000.0","2583000.0","2620000.0","2666000.0","2716000.0","2761000.0","2812000.0","2868000.0","2930000.0","2996000.0","3058000.0","3120000.0","3178000.0","3238000.0","3297000.0","3358000.0","3410000.0","3458000.0","3505000.0","3545000.0","3584000.0"
"IMF.RES:WEO(6.0.0)","MMR.LP.A","OBS_VALUE","Myanmar","Population, Persons for countries / Index for country groups","Annual","Millions","","","","4.4923E7","4.5567E7","4.6179E7","4.6727E7","4.7197E7","4.7589E7","4.792E7","4.8218E7","4.851E7","4.8813E7","4.9127E7","4.9454E7","4.9799E7","5.0166E7","5.0559E7","5.0979E7","5.1419E7","5.1846E7","5.2254E7","5.2645E7","5.3019E7","5.3378E7","5.3722E7","5.405E7","5.436E7","5.4652E7","5.4926E7","5.5182E7"
"IMF.RES:WEO(6.0.0)","NAM.LP.A","OBS_VALUE","Namibia","Population, Persons for countries / Index for country groups","Annual","Millions","1580000.0","1625000.0","1668000.0","1711000.0","1755000.0","1798000.0","1839000.0","1875000.0","1905000.0","1930000.0","1954000.0","1979000.0","2005000.0","2032000.0","2062000.0","2093000.0","2127000.0","2166000.0","2223000.0","2282000.0","2342000.0","2406000.0","2472000.0","2541000.0","2613000.0","2688000.0","2770000.0","2851000.0","2928000.0","2990000.0","3049000.0"
"IMF.RES:WEO(6.0.0)","NIC.LP.A","OBS_VALUE","Nicaragua","Population, Persons for countries / Index for country groups","Annual","Millions","4427000.0","4549000.0","4669000.0","4763000.0","4859000.0","4957000.0","5059000.0","5162000.0","5268000.0","5375000.0","5483000.0","5523000.0","5596000.0","5669000.0","5770000.0","5843000.0","5916000.0","6094000.0","6158000.0","6222000.0","6287000.0","6353000.0","6419000.0","6477000.0","6553000.0","6614000.0","6690000.0","6768000.0","6847000.0","6926000.0","7007000.0"
"IMF.RES:WEO(6.0.0)","WSM.LP.A","OBS_VALUE","Samoa","Population, Persons for countries / Index for country groups","Annual","Millions","","","","173000.0","174000.0","174000.0","175000.0","176000.0","177000.0","179000.0","180000.0","181000.0","182000.0","183000.0","185000.0","186000.0","187000.0","189000.0","191000.0","192000.0","193000.0","195000.0","197000.0","200000.0","205000.0","202000.0","204000.0","207000.0","209000.0","211000.0","212000.0"
"IMF.RES:WEO(6.0.0)","SMR.LP.A","OBS_VALUE","San Marino, Republic of","Population, Persons for countries / Index for country groups","Annual","Millions","","","","","","","","","","29000.0","29000.0","30000.0","30000.0","30000.0","31000.0","31000.0","32000.0","32000.0","32000.0","33000.0","33000.0","33000.0","33000.0","33000.0","34000.0","34000.0","34000.0","34000.0","34000.0","34000.0","34000.0"
"IMF.RES:WEO(6.0.0)","RUS.LP.A","OBS_VALUE","Russian Federation","Population, Persons for countries / Index for country groups","Annual","Millions","1.48376E8","1.4816E8","1.47915E8","1.47671E8","1.47215E8","1.46597E8","1.45976E8","1.45306E8","1.44649E8","1.44067E8","1.43519E8","1.4305E8","1.42805E8","1.42742E8","1.42785E8","1.42849E8","1.43018E8","1.43378E8","1.43806E8","1.46508E8","1.46963E8","1.47381E8","1.47689E8","1.47819E8","1.479E8","1.47708E8","1.47218E8","1.46714E8","1.46299E8","1.4608E8","1.45632E8"
"IMF.RES:WEO(6.0.0)","SRB.LP.A","OBS_VALUE","Serbia, Republic of","Population, Persons for countries / Index for country groups","Annual","Millions","","","","","7540000.0","7516000.0","7503000.0","7500000.0","7481000.0","7463000.0","7441000.0","7412000.0","7382000.0","7350000.0","7321000.0","7291000.0","7237000.0","7201000.0","7167000.0","7132000.0","7095000.0","7058000.0","7021000.0","6983000.0","6945000.0","6899000.0","6834000.0","6664000.0","6623000.0","6576000.0","6530000.0"
"IMF.RES:WEO(6.0.0)","TKM.LP.A","OBS_VALUE","Turkmenistan","Population, Persons for countries / Index for country groups","Annual","Millions","4358000.0","4441000.0","4512000.0","4574000.0","4630000.0","4684000.0","4736000.0","4787000.0","4837000.0","4887000.0","4940000.0","4996000.0","5055000.0","5117000.0","5181000.0","5268000.0","5361000.0","5459000.0","5560000.0","5663000.0","5766000.0","5869000.0","5968000.0","6065000.0","6158000.0","6250000.0","6342000.0","6431000.0","6516000.0","6598000.0","6677000.0"
"IMF.RES:WEO(6.0.0)","SVK.LP.A","OBS_VALUE","Slovak Republic","Population, Persons for countries / Index for country groups","Annual","Millions","5397000.0","5408000.0","5379000.0","5388000.0","5393000.0","5399000.0","5379000.0","5379000.0","5375000.0","5372000.0","5373000.0","5373000.0","5373000.0","5376000.0","5382000.0","5390000.0","5392000.0","5404000.0","5411000.0","5416000.0","5421000.0","5426000.0","5435000.0","5443000.0","5450000.0","5458000.0","5460000.0","5435000.0","5429000.0","5425000.0","5419000.0"
"IMF.RES:WEO(6.0.0)","SSD.LP.A","OBS_VALUE","South Sudan, Republic of","Population, Persons for countries / Index for country groups","Annual","Millions","","","","","","","","","","","","","","","","","1.0449E7","1.0818E7","1.1177E7","1.1531E7","1.1882E7","1.2231E7","1.2585E7","1.2976E7","1.3378E7","1.3779E7","1.4179E7","1.459E7","1.5013E7","1.5448E7","1.5896E7"
"IMF.RES:WEO(6.0.0)","SOM.LP.A","OBS_VALUE","Somalia","Population, Persons for countries / Index for country groups","Annual","Millions","","","","","","","","","","","","","","","","","","1.1846E7","1.2178E7","1.2519E7","1.287E7","1.323E7","1.36E7","1.3981E7","1.4373E7","1.4775E7","1.5189E7","1.5614E7","1.6051E7","1.6501E7","1.6963E7"
"IMF.RES:WEO(6.0.0)","SUR.LP.A","OBS_VALUE","Suriname","Population, Persons for countries / Index for country groups","Annual","Millions","437000.0","443000.0","449000.0","455000.0","461000.0","467000.0","473000.0","479000.0","487000.0","496000.0","501000.0","507000.0","514000.0","521000.0","528000.0","536000.0","541000.0","546000.0","554000.0","563000.0","567000.0","576000.0","583000.0","590000.0","598000.0","609000.0","618000.0","628000.0","637000.0","647000.0","657000.0"
"IMF.RES:WEO(6.0.0)","SYR.LP.A","OBS_VALUE","Syrian Arab Republic","Population, Persons for countries / Index for country groups","Annual","Millions","1.461E7","1.4973E7","1.5334E7","1.5702E7","1.6091E7","1.6511E7","1.6961E7","1.7438E7","1.7952E7","1.8512E7","1.9121E7","1.9596E7","2.0083E7","2.0581E7","2.1092E7","2.1393E7","","","","","","","","","","","","","","",""
"IMF.RES:WEO(6.0.0)","TLS.LP.A","OBS_VALUE","Timor-Leste, Democratic Republic of","Population, Persons for countries / Index for country groups","Annual","Millions","","","","","835000.0","745000.0","812000.0","879000.0","917000.0","929000.0","948000.0","977000.0","1005000.0","1032000.0","1059000.0","1085000.0","1110000.0","1135000.0","1159000.0","1182000.0","1205000.0","1228000.0","1252000.0","1276000.0","1301000.0","1326000.0","1350000.0","1369000.0","1384000.0","1401000.0","1419000.0"
"IMF.RES:WEO(6.0.0)","UKR.LP.A","OBS_VALUE","Ukraine","Population, Persons for countries / Index for country groups","Annual","Millions","5.0874E7","5.04E7","4.9974E7","4.9545E7","4.9115E7","4.8664E7","4.8241E7","4.7823E7","4.7442E7","4.7101E7","4.6749E7","4.6466E7","4.6192E7","4.5963E7","4.5783E7","4.5598E7","4.5453E7","4.5373E7","4.5246E7","4.276E7","4.2591E7","4.2415E7","4.2217E7","4.1984E7","4.1733E7","4.1419E7","4.0998E7","3.4511E7","3.4026E7","3.3343E7","3.2862E7"
"IMF.RES:WEO(6.0.0)","TUV.LP.A","OBS_VALUE","Tuvalu","Population, Persons for countries / Index for country groups","Annual","Millions","","","","","","","","10000.0","9000.0","10000.0","10000.0","10000.0","10000.0","10000.0","10000.0","10000.0","11000.0","11000.0","11000.0","11000.0","11000.0","11000.0","11000.0","11000.0","10000.0","10000.0","10000.0","11000.0","10000.0","10000.0","10000.0"
"IMF.RES:WEO(6.0.0)","VEN.LP.A","OBS_VALUE","Venezuela, República Bolivariana de","Population, Persons for countries / Index for country groups","Annual","Millions","2.1751E7","2.2219E7","2.2676E7","2.313E7","2.3593E7","2.4394E7","2.4803E7","2.5212E7","2.5622E7","2.6033E7","2.6445E7","2.6858E7","2.7273E7","2.7689E7","2.8106E7","2.8524E7","2.8944E7","2.9365E7","2.9786E7","3.0206E7","3.062E7","3.0714E7","3.0442E7","2.8903E7","2.7817E7","2.7951E7","2.7586E7","2.6917E7","2.674E7","2.6561E7","2.6674E7"
"IMF.RES:WEO(6.0.0)","UZB.LP.A","OBS_VALUE","Uzbekistan, Republic of","Population, Persons for countries / Index for country groups","Annual","Millions","2.269E7","2.313E7","2.3867E7","2.4231E7","2.4583E7","2.4488E7","2.4813E7","2.5116E7","2.5428E7","2.5707E7","2.6021E7","2.6313E7","2.6664E7","2.7072E7","2.7533E7","2.8001E7","2.9123E7","2.9555E7","2.9994E7","3.0493E7","3.1023E7","3.1575E7","3.2121E7","3.2657E7","3.3256E7","3.3905E7","3.4559E7","3.5271E7","3.6025E7","3.6926E7","3.7701E7"
"IMF.RES:WEO(6.0.0)","YEM.LP.A","OBS_VALUE","Yemen, Republic of","Population, Persons for countries / Index for country groups","Annual","Millions","1.674E7","1.7313E7","1.7874E7","1.8446E7","1.9029E7","1.9624E7","2.0226E7","2.0835E7","2.1456E7","2.2095E7","2.279E7","2.3543E7","2.4318E7","2.5112E7","2.5928E7","2.6754E7","2.7583E7","2.8434E7","2.9313E7","3.0226E7","3.1159E7","3.2109E7","3.3091E7","3.4085E7","3.5111E7","3.6135E7","3.714E7","3.8223E7","3.9391E7","4.0583E7","4.1774E7"
"IMF.RES:WEO(6.0.0)","WBG.LP.A","OBS_VALUE","West Bank and Gaza","Population, Persons for countries / Index for country groups","Annual","Millions","2483000.0","2631000.0","2783000.0","2872000.0","2962000.0","3053000.0","3138000.0","3225000.0","3315000.0","3407000.0","3508000.0","3612000.0","3719000.0","3821000.0","3922000.0","4023000.0","4125000.0","4226000.0","4328000.0","4429000.0","4530000.0","4632000.0","4733000.0","4854000.0","4977000.0","5101000.0","5227000.0","5355000.0","5477000.0","",""
"IMF.RES:WEO(6.0.0)","BHR.LP.A","OBS_VALUE","Bahrain, Kingdom of","Population, Persons for countries / Index for country groups","Annual","Millions","559000.0","574000.0","589000.0","605000.0","621000.0","638000.0","661000.0","711000.0","765000.0","824000.0","889000.0","960000.0","1039000.0","1107000.0","1178000.0","1235000.0","1195000.0","1209000.0","1253000.0","1315000.0","1370000.0","1424000.0","1501000.0","1503000.0","1484000.0","1472000.0","1505000.0","1529000.0","1577000.0","1617000.0","1657000.0"
"IMF.RES:WEO(6.0.0)","BHS.LP.A","OBS_VALUE","Bahamas, The","Population, Persons for countries / Index for country groups","Annual","Millions","279000.0","284000.0","288000.0","293000.0","298000.0","304000.0","308000.0","313000.0","318000.0","323000.0","328000.0","332000.0","337000.0","342000.0","347000.0","351000.0","355000.0","359000.0","362000.0","366000.0","370000.0","373000.0","377000.0","381000.0","385000.0","389000.0","394000.0","399000.0","404000.0","408000.0","413000.0"
"IMF.RES:WEO(6.0.0)","BEN.LP.A","OBS_VALUE","Benin","Population, Persons for countries / Index for country groups","Annual","Millions","6047000.0","6204000.0","6387000.0","6584000.0","6789000.0","6998000.0","7212000.0","7432000.0","7659000.0","7895000.0","8149000.0","8403000.0","8648000.0","8906000.0","9173000.0","9446000.0","9726000.0","1.0014E7","1.0309E7","1.0615E7","1.0933E7","1.126E7","1.1597E7","1.1941E7","1.229E7","1.2643E7","1.2997E7","1.3353E7","1.3713E7","1.4099E7","1.4516E7"
"IMF.RES:WEO(6.0.0)","BLZ.LP.A","OBS_VALUE","Belize","Population, Persons for countries / Index for country groups","Annual","Millions","217000.0","222000.0","230000.0","239000.0","243000.0","250000.0","256000.0","263000.0","269000.0","276000.0","284000.0","291000.0","299000.0","307000.0","315000.0","322000.0","328000.0","334000.0","342000.0","349000.0","357000.0","364000.0","371000.0","379000.0","386000.0","393000.0","399000.0","397000.0","404000.0","411000.0","417000.0"
"IMF.RES:WEO(6.0.0)","BRB.LP.A","OBS_VALUE","Barbados","Population, Persons for countries / Index for country groups","Annual","Millions","265000.0","266000.0","267000.0","268000.0","269000.0","270000.0","271000.0","271000.0","272000.0","273000.0","274000.0","275000.0","276000.0","277000.0","278000.0","280000.0","281000.0","282000.0","283000.0","283000.0","284000.0","285000.0","286000.0","286000.0","287000.0","288000.0","289000.0","289000.0","290000.0","291000.0","292000.0"
"IMF.RES:WEO(6.0.0)","BGD.LP.A","OBS_VALUE","Bangladesh","Population, Persons for countries / Index for country groups","Annual","Millions","1.1517E8","1.1765E8","1.20161E8","1.22683E8","1.2519E8","1.27658E8","1.30089E8","1.32478E8","1.34792E8","1.36986E8","1.39036E8","1.40921E8","1.4266E8","1.44304E8","1.45925E8","1.47575E8","1.49274E8","1.51008E8","1.52765E8","1.5452E8","1.56256E8","1.57971E8","1.59671E8","1.61356E8","1.63046E8","1.64689E8","1.66657E8","1.6852E8","1.70279E8","1.72019E8","1.73736E8"
"IMF.RES:WEO(6.0.0)","BTN.LP.A","OBS_VALUE","Bhutan","Population, Persons for countries / Index for country groups","Annual","Millions","520000.0","524000.0","532000.0","546000.0","561000.0","576000.0","594000.0","611000.0","627000.0","642000.0","657000.0","668000.0","677000.0","686000.0","694000.0","702000.0","709000.0","717000.0","725000.0","733000.0","740000.0","747000.0","753000.0","759000.0","765000.0","770000.0","775000.0","780000.0","785000.0","790000.0","795000.0"
"IMF.RES:WEO(6.0.0)","BEL.LP.A","OBS_VALUE","Belgium","Population, Persons for countries / Index for country groups","Annual","Millions","1.0131E7","1.0143E7","1.017E7","1.0192E7","1.0214E7","1.0239E7","1.0263E7","1.031E7","1.0356E7","1.0396E7","1.0446E7","1.0511E7","1.0585E7","1.0667E7","1.0753E7","1.084E7","1.1001E7","1.1076E7","1.1138E7","1.1181E7","1.1237E7","1.1311E7","1.1352E7","1.1399E7","1.1456E7","1.1522E7","1.1555E7","1.1618E7","1.1743E7","1.1817E7","1.1855E7"
"IMF.RES:WEO(6.0.0)","BRA.LP.A","OBS_VALUE","Brazil","Population, Persons for countries / Index for country groups","Annual","Millions","1.58875E8","1.63538E8","1.66104E8","1.68693E8","1.71256E8","1.74696E8","1.77004E8","1.79228E8","1.81378E8","1.8347E8","1.85518E8","1.87535E8","1.89459E8","1.91335E8","1.93174E8","1.94749E8","1.96159E8","1.97671E8","1.99227E8","2.00811E8","2.02404E8","2.03872E8","2.05212E8","2.06529E8","2.079E8","2.09165E8","2.10104E8","2.10863E8","2.11695E8","2.12584E8","2.13362E8"
"IMF.RES:WEO(6.0.0)","BWA.LP.A","OBS_VALUE","Botswana","Population, Persons for countries / Index for country groups","Annual","Millions","1558000.0","1595000.0","1631000.0","1666000.0","1698000.0","1727000.0","1762000.0","1795000.0","1827000.0","1859000.0","1893000.0","1929000.0","1967000.0","2007000.0","2049000.0","2092000.0","2134000.0","2175000.0","2217000.0","2260000.0","2305000.0","2352000.0","2402000.0","2451000.0","2500000.0","2546000.0","2588000.0","2630000.0","2675000.0","2720000.0","2763000.0"
"IMF.RES:WEO(6.0.0)","BGR.LP.A","OBS_VALUE","Bulgaria","Population, Persons for countries / Index for country groups","Annual","Millions","8312000.0","8225000.0","8162000.0","8105000.0","8067000.0","8150000.0","7891000.0","7846000.0","7801000.0","7761000.0","7719000.0","7679000.0","7640000.0","7607000.0","7564000.0","7505000.0","7327000.0","7285000.0","7246000.0","7202000.0","7154000.0","7102000.0","7050000.0","7000000.0","6951000.0","6917000.0","6839000.0","6448000.0","6445000.0","6381000.0","6317000.0"
"IMF.RES:WEO(6.0.0)","BFA.LP.A","OBS_VALUE","Burkina Faso","Population, Persons for countries / Index for country groups","Annual","Millions","1.0353E7","1.0621E7","1.0897E7","1.1201E7","1.1534E7","1.1883E7","1.225E7","1.2632E7","1.3031E7","1.3446E7","1.3876E7","1.4316E7","1.4757E7","1.5198E7","1.565E7","1.6117E7","1.6603E7","1.7114E7","1.7636E7","1.817E7","1.8718E7","1.9275E7","1.9836E7","2.0393E7","2.0952E7","2.1523E7","2.2101E7","2.2674E7","2.3251E7","2.3844E7","2.4451E7"
"IMF.RES:WEO(6.0.0)","CMR.LP.A","OBS_VALUE","Cameroon","Population, Persons for countries / Index for country groups","Annual","Millions","1.3513E7","1.3892E7","1.428E7","1.468E7","1.5091E7","1.5514E7","1.5929E7","1.6358E7","1.6801E7","1.7259E7","1.7733E7","1.8224E7","1.873E7","1.9253E7","1.979E7","2.0341E7","2.0906E7","2.1485E7","2.2077E7","2.2682E7","2.3298E7","2.3927E7","2.4566E7","2.5216E7","2.5876E7","2.6546E7","2.7224E7","2.7912E7","2.8608E7","2.9315E7","3.0032E7"
"IMF.RES:WEO(6.0.0)","BDI.LP.A","OBS_VALUE","Burundi","Population, Persons for countries / Index for country groups","Annual","Millions","5980000.0","6090000.0","6190000.0","6300000.0","6489000.0","6684000.0","6884000.0","7091000.0","7260000.0","7478000.0","7512000.0","7737000.0","7969000.0","8232000.0","8504000.0","8776000.0","9048000.0","9329000.0","9618000.0","9907000.0","1.0204E7","1.053E7","1.0867E7","1.1193E7","1.1529E7","1.1875E7","1.2231E7","1.2598E7","1.2976E7","1.3365E7","1.3766E7"
"IMF.RES:WEO(6.0.0)","TCD.LP.A","OBS_VALUE","Chad","Population, Persons for countries / Index for country groups","Annual","Millions","7010000.0","7251000.0","7503000.0","7770000.0","8054000.0","8356000.0","8678000.0","9019000.0","9374000.0","9735000.0","1.0097E7","1.0457E7","1.0818E7","1.1184E7","1.156E7","1.1952E7","1.2361E7","1.2785E7","1.322E7","1.3664E7","1.4111E7","1.4562E7","1.5017E7","1.5478E7","1.5947E7","1.6426E7","1.6915E7","1.7414E7","1.7921E7","1.8437E7","1.8961E7"
"IMF.RES:WEO(6.0.0)","CAF.LP.A","OBS_VALUE","Central African Republic","Population, Persons for countries / Index for country groups","Annual","Millions","3348000.0","3436000.0","3532000.0","3629000.0","3729000.0","3833000.0","3919000.0","4006000.0","4103000.0","4193000.0","4289000.0","4378000.0","4463000.0","4559000.0","4529000.0","4493000.0","4565000.0","4611000.0","4642000.0","4623000.0","4629000.0","4714000.0","4794000.0","4879000.0","4945000.0","5027000.0","5112000.0","5098000.0","5152000.0","5331000.0","5513000.0"
"IMF.RES:WEO(6.0.0)","CPV.LP.A","OBS_VALUE","Cabo Verde","Population, Persons for countries / Index for country groups","Annual","Millions","370000.0","379000.0","388000.0","397000.0","405000.0","414000.0","422000.0","430000.0","438000.0","445000.0","451000.0","457000.0","463000.0","468000.0","473000.0","478000.0","481000.0","483000.0","486000.0","489000.0","491000.0","493000.0","496000.0","498000.0","500000.0","502000.0","504000.0","507000.0","509000.0","512000.0","514000.0"
"IMF.RES:WEO(6.0.0)","CHL.LP.A","OBS_VALUE","Chile","Population, Persons for countries / Index for country groups","Annual","Millions","1.4381E7","1.4585E7","1.4783E7","1.4975E7","1.5162E7","1.5343E7","1.552E7","1.5692E7","1.5857E7","1.6022E7","1.6183E7","1.6348E7","1.6518E7","1.6698E7","1.6881E7","1.7064E7","1.7254E7","1.7443E7","1.7612E7","1.7788E7","1.7971E7","1.8167E7","1.8419E7","1.8751E7","1.9107E7","1.9458E7","1.9678E7","1.9829E7","1.9961E7","2.0086E7","2.0207E7"
"IMF.RES:WEO(6.0.0)","COL.LP.A","OBS_VALUE","Colombia","Population, Persons for countries / Index for country groups","Annual","Millions","3.6426E7","3.7019E7","3.7505E7","3.8088E7","3.8573E7","3.9152E7","3.9656E7","4.0156E7","4.0661E7","4.1166E7","4.1672E7","4.217E7","4.2659E7","4.3134E7","4.3609E7","4.4086E7","4.4553E7","4.5002E7","4.5435E7","4.5866E7","4.6314E7","4.683E7","4.7419E7","4.8258E7","4.9396E7","5.0408E7","5.1117E7","5.1683E7","5.2216E7","5.2696E7","5.3111E7"
"IMF.RES:WEO(6.0.0)","CAN.LP.A","OBS_VALUE","Canada","Population, Persons for countries / Index for country groups","Annual","Millions","2.9263E7","2.957E7","2.9868E7","3.0124E7","3.0367E7","3.0647E7","3.0971E7","3.1308E7","3.1602E7","3.1899E7","3.2203E7","3.2529E7","3.2849E7","3.3199E7","3.3582E7","3.3959E7","3.4299E7","3.4664E7","3.5032E7","3.5389E7","3.5676E7","3.6053E7","3.6494E7","3.7009E7","3.7555E7","3.7998E7","3.8221E7","3.8866E7","3.9969E7","4.1144E7","4.155E7"
"IMF.RES:WEO(6.0.0)","COD.LP.A","OBS_VALUE","Congo, Democratic Republic of the","Population, Persons for countries / Index for country groups","Annual","Millions","4.1576E7","4.2757E7","4.4838E7","4.5734E7","4.6649E7","4.8049E7","4.9449E7","5.0971E7","5.2602E7","5.4315E7","5.609E7","5.7927E7","5.9835E7","6.1809E7","6.3845E7","6.5939E7","6.8087E7","7.0291E7","7.2553E7","7.4877E7","7.7267E7","7.9801E7","8.2417E7","8.512E7","8.7911E7","9.0794E7","9.3751E7","9.6801E7","9.9948E7","1.03197E8","1.06552E8"
"IMF.RES:WEO(6.0.0)","COG.LP.A","OBS_VALUE","Congo, Republic of","Population, Persons for countries / Index for country groups","Annual","Millions","2742000.0","2817000.0","2875000.0","2937000.0","3017000.0","3134000.0","3254000.0","3331000.0","3425000.0","3543000.0","3673000.0","3813000.0","3956000.0","4090000.0","4257000.0","4438000.0","4584000.0","4713000.0","4828000.0","4945000.0","5064000.0","5187000.0","5312000.0","5441000.0","5571000.0","5702000.0","5836000.0","5970000.0","6138000.0","6309000.0","6486000.0"
"IMF.RES:WEO(6.0.0)","COM.LP.A","OBS_VALUE","Comoros, Union of the","Population, Persons for countries / Index for country groups","Annual","Millions","484000.0","494000.0","505000.0","516000.0","526000.0","537000.0","548000.0","559000.0","570000.0","581000.0","593000.0","605000.0","617000.0","629000.0","642000.0","656000.0","670000.0","685000.0","699000.0","715000.0","730000.0","746000.0","762000.0","776000.0","791000.0","806000.0","822000.0","851000.0","870000.0","890000.0","910000.0"
"IMF.RES:WEO(6.0.0)","CYP.LP.A","OBS_VALUE","Cyprus","Population, Persons for countries / Index for country groups","Annual","Millions","645000.0","656000.0","666000.0","675000.0","683000.0","690000.0","698000.0","706000.0","714000.0","723000.0","733000.0","744000.0","758000.0","776000.0","797000.0","819000.0","840000.0","862000.0","866000.0","858000.0","847000.0","848000.0","855000.0","864000.0","876000.0","888000.0","896000.0","905000.0","926000.0","936000.0","942000.0"
"IMF.RES:WEO(6.0.0)","CIV.LP.A","OBS_VALUE","Côte d'Ivoire","Population, Persons for countries / Index for country groups","Annual","Millions","1.3929E7","1.4324E7","1.4836E7","1.5367E7","1.5806E7","1.6258E7","1.6723E7","1.7201E7","1.7693E7","1.8199E7","1.8719E7","1.9254E7","1.9805E7","2.0371E7","2.0954E7","2.1553E7","2.2169E7","2.2803E7","2.3455E7","2.4126E7","2.4816E7","2.5525E7","2.6255E7","2.7006E7","2.7778E7","2.8572E7","2.9389E7","3.0229E7","3.1094E7","3.1983E7","3.2897E7"
"IMF.RES:WEO(6.0.0)","CRI.LP.A","OBS_VALUE","Costa Rica","Population, Persons for countries / Index for country groups","Annual","Millions","3470000.0","3565000.0","3657000.0","3747000.0","3838000.0","3810000.0","3953000.0","4022000.0","4086000.0","4152000.0","4215000.0","4279000.0","4340000.0","4404000.0","4469000.0","4554000.0","4613000.0","4673000.0","4733000.0","4793000.0","4851000.0","4909000.0","4966000.0","5022000.0","5075000.0","5128000.0","5180000.0","5229000.0","5278000.0","5325000.0","5373000.0"
"IMF.RES:WEO(6.0.0)","DNK.LP.A","OBS_VALUE","Denmark","Population, Persons for countries / Index for country groups","Annual","Millions","5216000.0","5251000.0","5275000.0","5295000.0","5314000.0","5330000.0","5349000.0","5368000.0","5384000.0","5398000.0","5411000.0","5427000.0","5447000.0","5476000.0","5511000.0","5535000.0","5561000.0","5581000.0","5603000.0","5627000.0","5660000.0","5707000.0","5749000.0","5781000.0","5806000.0","5823000.0","5840000.0","5873000.0","5933000.0","5961000.0","6002000.0"
"IMF.RES:WEO(6.0.0)","DOM.LP.A","OBS_VALUE","Dominican Republic","Population, Persons for countries / Index for country groups","Annual","Millions","7771000.0","7897000.0","8023000.0","8152000.0","8276000.0","8398000.0","8513000.0","8628000.0","8745000.0","8858000.0","8968000.0","9071000.0","9174000.0","9280000.0","9380000.0","9479000.0","9580000.0","9681000.0","9785000.0","9883000.0","9980000.0","1.0075E7","1.0169E7","1.0266E7","1.0358E7","1.0448E7","1.0536E7","1.0622E7","1.0709E7","1.0797E7","1.0885E7"
"IMF.RES:WEO(6.0.0)","GNQ.LP.A","OBS_VALUE","Equatorial Guinea, Republic of","Population, Persons for countries / Index for country groups","Annual","Millions","505000.0","524000.0","545000.0","567000.0","590000.0","614000.0","640000.0","666000.0","695000.0","725000.0","757000.0","792000.0","829000.0","868000.0","909000.0","951000.0","994000.0","1039000.0","1084000.0","1129000.0","1175000.0","1221000.0","1268000.0","1314000.0","1360000.0","1406000.0","1452000.0","1498000.0","1544000.0","1590000.0","1637000.0"
"IMF.RES:WEO(6.0.0)","SLV.LP.A","OBS_VALUE","El Salvador","Population, Persons for countries / Index for country groups","Annual","Millions","5748000.0","5797000.0","5843000.0","5885000.0","5924000.0","5959000.0","5988000.0","6011000.0","6027000.0","6036000.0","6038000.0","6034000.0","6044000.0","6068000.0","6091000.0","6114000.0","6137000.0","6161000.0","6186000.0","6210000.0","6231000.0","6251000.0","6267000.0","6276000.0","6280000.0","6293000.0","6314000.0","6336000.0","6365000.0","6394000.0","6422000.0"
"IMF.RES:WEO(6.0.0)","ECU.LP.A","OBS_VALUE","Ecuador","Population, Persons for countries / Index for country groups","Annual","Millions","1.1551E7","1.1751E7","1.1938E7","1.2119E7","1.2297E7","1.2481E7","1.2681E7","1.2901E7","1.3132E7","1.3367E7","1.3604E7","1.3852E7","1.4107E7","1.4359E7","1.4616E7","1.4884E7","1.5161E7","1.5441E7","1.5718E7","1.5994E7","1.6269E7","1.6532E7","1.6793E7","1.7078E7","1.7357E7","1.7526E7","1.7614E7","1.7715E7","1.7835E7","1.7967E7","1.8104E7"
"IMF.RES:WEO(6.0.0)","EGY.LP.A","OBS_VALUE","Egypt, Arab Republic of","Population, Persons for countries / Index for country groups","Annual","Millions","5.76E7","5.88E7","6.01E7","6.13E7","6.26E7","6.4E7","6.53E7","6.66E7","6.8E7","6.93E7","7.07E7","7.22E7","7.36E7","7.52E7","7.69E7","7.87E7","8.05E7","8.25E7","8.46E7","8.68E7","8.9E7","9.1E7","9.52E7","9.71E7","9.89E7","1.006E8","1.021E8","1.036E8","1.052E8","1.07304E8","1.0945E8"
"IMF.RES:WEO(6.0.0)","ETH.LP.A","OBS_VALUE","Ethiopia, The Federal Democratic Republic of","Population, Persons for countries / Index for country groups","Annual","Millions","5.2212E7","5.3789E7","5.5345E7","5.6891E7","5.8448E7","6.003E7","6.1591E7","6.3192E7","6.4835E7","6.6521E7","6.825E7","7.0025E7","7.2421E7","7.4879E7","7.6826E7","7.8824E7","8.07E7","8.27E7","8.48E7","8.7E7","8.91E7","9.12E7","9.34E7","9.55E7","9.76E7","9.97E7","1.019E8","1.04082E8","1.05707E8","1.08414E8","1.10148E8"
"IMF.RES:WEO(6.0.0)","SWZ.LP.A","OBS_VALUE","Eswatini, Kingdom of","Population, Persons for countries / Index for country groups","Annual","Millions","894000.0","912000.0","930000.0","939000.0","947000.0","956000.0","965000.0","974000.0","983000.0","992000.0","1001000.0","1010000.0","1018000.0","1026000.0","1033000.0","1041000.0","1048000.0","1056000.0","1063000.0","1071000.0","1078000.0","1086000.0","1093000.0","1104000.0","1115000.0","1127000.0","1139000.0","1151000.0","1163000.0","1176000.0","1189000.0"
"IMF.RES:WEO(6.0.0)","FRA.LP.A","OBS_VALUE","France","Population, Persons for countries / Index for country groups","Annual","Millions","5.9281E7","5.9487E7","5.9691E7","5.9899E7","6.0123E7","6.0508E7","6.0941E7","6.1385E7","6.1824E7","6.2251E7","6.2731E7","6.3186E7","6.3601E7","6.3962E7","6.4305E7","6.4613E7","6.4933E7","6.5241E7","6.5565E7","6.6131E7","6.6422E7","6.6603E7","6.6774E7","6.6992E7","6.7258E7","6.7442E7","6.7697E7","6.806E7","6.8246E7","6.8437E7","6.8628E7"
"IMF.RES:WEO(6.0.0)","FIN.LP.A","OBS_VALUE","Finland","Population, Persons for countries / Index for country groups","Annual","Millions","5099000.0","5117000.0","5132000.0","5147000.0","5160000.0","5171000.0","5181000.0","5195000.0","5206000.0","5220000.0","5237000.0","5256000.0","5277000.0","5300000.0","5326000.0","5351000.0","5375000.0","5401000.0","5427000.0","5451000.0","5472000.0","5487000.0","5503000.0","5513000.0","5518000.0","5525000.0","5534000.0","5548000.0","5564000.0","5604000.0","5612000.0"
"IMF.RES:WEO(6.0.0)","GMB.LP.A","OBS_VALUE","Gambia, The","Population, Persons for countries / Index for country groups","Annual","Millions","1115000.0","1148000.0","1201000.0","1238000.0","1277000.0","1318000.0","1360000.0","1404000.0","1450000.0","1497000.0","1544000.0","1591000.0","1640000.0","1689000.0","1740000.0","1793000.0","1848000.0","1905000.0","1964000.0","2024000.0","2086000.0","2149000.0","2214000.0","2280000.0","2349000.0","2419000.0","2492000.0","2567000.0","2644000.0","2724000.0","2805000.0"
"IMF.RES:WEO(6.0.0)","FJI.LP.A","OBS_VALUE","Fiji, Republic of","Population, Persons for countries / Index for country groups","Annual","Millions","768000.0","775000.0","782000.0","791000.0","797000.0","802000.0","805000.0","810000.0","816000.0","821000.0","827000.0","830000.0","837000.0","838000.0","843000.0","848000.0","852000.0","857000.0","860000.0","864000.0","868000.0","871000.0","885000.0","890000.0","896000.0","901000.0","906000.0","912000.0","917000.0","923000.0","928000.0"
"IMF.RES:WEO(6.0.0)","DEU.LP.A","OBS_VALUE","Germany","Population, Persons for countries / Index for country groups","Annual","Millions","8.1308E7","8.1466E7","8.151E7","8.1446E7","8.1422E7","8.1457E7","8.1518E7","8.1579E7","8.1549E7","8.1457E7","8.1337E7","8.1174E7","8.0993E7","8.0765E7","8.0483E7","8.0285E7","8.0276E7","8.0427E7","8.0646E7","8.0983E7","8.1687E7","8.2349E7","8.2657E7","8.2906E7","8.3093E7","8.3161E7","8.3196E7","8.3798E7","8.4514E7","8.4716E7","8.4863E7"
"IMF.RES:WEO(6.0.0)","GAB.LP.A","OBS_VALUE","Gabon","Population, Persons for countries / Index for country groups","Annual","Millions","1065000.0","1092000.0","1119000.0","1147000.0","1176000.0","1205000.0","1235000.0","1266000.0","1298000.0","1330000.0","1364000.0","1398000.0","1440000.0","1494000.0","1551000.0","1610000.0","1671000.0","1735000.0","1803000.0","1868000.0","1930000.0","1980000.0","2025000.0","2053000.0","2080000.0","2108000.0","2135000.0","2161000.0","2209000.0","2258000.0","2306000.0"
"IMF.RES:WEO(6.0.0)","GRD.LP.A","OBS_VALUE","Grenada","Population, Persons for countries / Index for country groups","Annual","Millions","100000.0","101000.0","102000.0","102000.0","102000.0","103000.0","103000.0","104000.0","105000.0","105000.0","104000.0","105000.0","105000.0","105000.0","105000.0","105000.0","107000.0","108000.0","109000.0","109000.0","110000.0","111000.0","111000.0","112000.0","113000.0","113000.0","114000.0","114000.0","115000.0","116000.0","116000.0"
"IMF.RES:WEO(6.0.0)","GTM.LP.A","OBS_VALUE","Guatemala","Population, Persons for countries / Index for country groups","Annual","Millions","1.0287E7","1.0537E7","1.0788E7","1.1046E7","1.1311E7","1.159E7","1.1872E7","1.2148E7","1.2415E7","1.2682E7","1.2948E7","1.3213E7","1.3477E7","1.3739E7","1.4E7","1.426E7","1.4522E7","1.4782E7","1.5044E7","1.5306E7","1.5567E7","1.5828E7","1.6087E7","1.6347E7","1.6604E7","1.6858E7","1.711E7","1.7358E7","1.7602E7","1.785E7","1.8091E7"
"IMF.RES:WEO(6.0.0)","GHA.LP.A","OBS_VALUE","Ghana","Population, Persons for countries / Index for country groups","Annual","Millions","1.7399E7","1.781E7","1.8239E7","1.8688E7","1.915E7","1.9637E7","2.0167E7","2.0729E7","2.1297E7","2.1868E7","2.2449E7","2.3041E7","2.3642E7","2.425E7","2.4863E7","2.5475E7","2.6095E7","2.6734E7","2.7386E7","2.8042E7","2.8696E7","2.9357E7","3.0008E7","3.0638E7","3.1259E7","3.1888E7","3.2519E7","3.3149E7","3.3788E7","3.4427E7","3.5064E7"
"IMF.RES:WEO(6.0.0)","GRC.LP.A","OBS_VALUE","Greece","Population, Persons for countries / Index for country groups","Annual","Millions","1.0536E7","1.0588E7","1.0629E7","1.0693E7","1.0748E7","1.0776E7","1.0836E7","1.0888E7","1.0916E7","1.094E7","1.097E7","1.1005E7","1.1036E7","1.1061E7","1.1095E7","1.1119E7","1.1123E7","1.1086E7","1.1004E7","1.0927E7","1.0858E7","1.0784E7","1.0768E7","1.0741E7","1.0725E7","1.0719E7","1.0679E7","1.046E7","1.0414E7","1.0401E7","1.038E7"
"IMF.RES:WEO(6.0.0)","GUY.LP.A","OBS_VALUE","Guyana","Population, Persons for countries / Index for country groups","Annual","Millions","727000.0","730000.0","734000.0","737000.0","740000.0","742000.0","743000.0","743000.0","743000.0","742000.0","742000.0","744000.0","746000.0","748000.0","751000.0","753000.0","756000.0","758000.0","761000.0","764000.0","767000.0","773000.0","778000.0","782000.0","785000.0","787000.0","789000.0","792000.0","794000.0","796000.0","799000.0"
"IMF.RES:WEO(6.0.0)","GNB.LP.A","OBS_VALUE","Guinea-Bissau","Population, Persons for countries / Index for country groups","Annual","Millions","1072000.0","1095000.0","1119000.0","1144000.0","1169000.0","1194000.0","1219000.0","1246000.0","1272000.0","1299000.0","1328000.0","1356000.0","1386000.0","1417000.0","1449000.0","1460000.0","1492000.0","1525000.0","1559000.0","1593000.0","1628000.0","1664000.0","1700000.0","1738000.0","1776000.0","1815000.0","1855000.0","1896000.0","1937000.0","1978000.0","2019000.0"
"IMF.RES:WEO(6.0.0)","HND.LP.A","OBS_VALUE","Honduras","Population, Persons for countries / Index for country groups","Annual","Millions","5709000.0","5875000.0","6046000.0","6220000.0","6397000.0","6575000.0","6752000.0","6929000.0","7106000.0","7283000.0","7459000.0","7634000.0","7809000.0","7981000.0","8151000.0","8317000.0","8481000.0","8641000.0","8799000.0","8956000.0","9113000.0","9273000.0","9436000.0","9602000.0","9770000.0","9942000.0","1.0117E7","1.0294E7","1.0475E7","1.0659E7","1.0846E7"
"IMF.RES:WEO(6.0.0)","HUN.LP.A","OBS_VALUE","Hungary","Population, Persons for countries / Index for country groups","Annual","Millions","1.0337E7","1.0321E7","1.0301E7","1.028E7","1.0253E7","1.0222E7","1.02E7","1.0175E7","1.0142E7","1.0117E7","1.0098E7","1.0077E7","1.0066E7","1.0045E7","1.0031E7","1.0014E7","9986000.0","9932000.0","9895000.0","9850000.0","9816000.0","9780000.0","9740000.0","9714000.0","9700000.0","9689000.0","9651000.0","9610000.0","9600000.0","9585000.0","9556000.0"
"IMF.RES:WEO(6.0.0)","HTI.LP.A","OBS_VALUE","Haiti","Population, Persons for countries / Index for country groups","Annual","Millions","7836000.0","7984000.0","8132000.0","8281000.0","8430000.0","8576000.0","8720000.0","8861000.0","9001000.0","9145000.0","9292000.0","9445000.0","9602000.0","9762000.0","9923000.0","1.0085E7","1.0248E7","1.0413E7","1.0579E7","1.0746E7","1.0912E7","1.1078E7","1.1245E7","1.1412E7","1.1578E7","1.1743E7","1.1906E7","1.2065E7","1.2227E7","1.2391E7","1.2557E7"
"IMF.RES:WEO(6.0.0)","ISL.LP.A","OBS_VALUE","Iceland","Population, Persons for countries / Index for country groups","Annual","Millions","267000.0","268000.0","270000.0","272000.0","276000.0","279000.0","283000.0","287000.0","288000.0","291000.0","294000.0","300000.0","308000.0","315000.0","319000.0","318000.0","312000.0","313000.0","316000.0","320000.0","323000.0","326000.0","333000.0","342000.0","349000.0","354000.0","358000.0","365000.0","375000.0","384000.0","391000.0"
"IMF.RES:WEO(6.0.0)","HKG.LP.A","OBS_VALUE","Hong Kong Special Administrative Region, People's Republic of China","Population, Persons for countries / Index for country groups","Annual","Millions","6270000.0","6467000.0","6517000.0","6583000.0","6638000.0","6712000.0","6730000.0","6726000.0","6764000.0","6798000.0","6838000.0","6904000.0","6938000.0","6964000.0","6996000.0","7052000.0","7110000.0","7171000.0","7211000.0","7253000.0","7310000.0","7378000.0","7415000.0","7488000.0","7521000.0","7427000.0","7402000.0","7473000.0","7528000.0","7534000.0","7567000.0"
"IMF.RES:WEO(6.0.0)","ISR.LP.A","OBS_VALUE","Israel","Population, Persons for countries / Index for country groups","Annual","Millions","5542000.0","5682000.0","5824000.0","5967000.0","6117000.0","6286000.0","6436000.0","6567000.0","6687000.0","6806000.0","6927000.0","7052000.0","7176000.0","7307000.0","7482000.0","7621000.0","7763000.0","7907000.0","8056000.0","8212000.0","8377000.0","8543000.0","8710000.0","8879000.0","9051000.0","9214000.0","9367000.0","9551000.0","9845000.0","9972000.0","1.01E7"
"IMF.RES:WEO(6.0.0)","IRL.LP.A","OBS_VALUE","Ireland","Population, Persons for countries / Index for country groups","Annual","Millions","3628000.0","3653000.0","3691000.0","3730000.0","3773000.0","3828000.0","3888000.0","3956000.0","4021000.0","4100000.0","4200000.0","4321000.0","4445000.0","4516000.0","4547000.0","4568000.0","4585000.0","4605000.0","4631000.0","4667000.0","4714000.0","4781000.0","4848000.0","4920000.0","4996000.0","5054000.0","5124000.0","5243000.0","5331000.0","5422000.0","5498000.0"
"IMF.RES:WEO(6.0.0)","ITA.LP.A","OBS_VALUE","Italy","Population, Persons for countries / Index for country groups","Annual","Millions","5.6844E7","5.6844E7","5.6876E7","5.6904E7","5.6909E7","5.6924E7","5.6961E7","5.6993E7","5.7186E7","5.7612E7","5.8044E7","5.8289E7","5.8511E7","5.9002E7","5.9421E7","5.969E7","5.9948E7","6.0105E7","6.0277E7","6.0346E7","6.0295E7","6.0164E7","6.0067E7","5.9938E7","5.9817E7","5.9641E7","5.9236E7","5.903E7","5.8997E7","5.8971E7","5.8963E7"
"IMF.RES:WEO(6.0.0)","IRN.LP.A","OBS_VALUE","Iran, Islamic Republic of","Population, Persons for countries / Index for country groups","Annual","Millions","5.9187E7","6.0055E7","6.0994E7","6.1842E7","6.2512E7","6.3515E7","6.4584E7","6.5657E7","6.7315E7","6.8345E7","6.939E7","7.0496E7","7.1532E7","7.2266E7","7.3196E7","7.4157E7","7.515E7","7.6038E7","7.7016E7","7.797E7","7.894E7","7.9926E7","8.107E7","8.2084E7","8.3075E7","8.4038E7","8.4055E7","8.4904E7","8.5761E7","8.6626E7","8.75E7"
"IMF.RES:WEO(6.0.0)","IDN.LP.A","OBS_VALUE","Indonesia","Population, Persons for countries / Index for country groups","Annual","Millions","1.94755E8","1.97004E8","1.9928E8","2.01581E8","2.03909E8","2.06265E8","2.09206E8","2.1219E8","2.15216E8","2.18285E8","2.21398E8","2.24555E8","2.27758E8","2.31006E8","2.343E8","2.37641E8","2.41991E8","2.45425E8","2.48818E8","2.52165E8","2.55182E8","2.58497E8","2.61356E8","2.64162E8","2.66912E8","2.70204E8","2.72679E8","2.7572E8","2.78696E8","2.81604E8","2.84439E8"
"IMF.RES:WEO(6.0.0)","JOR.LP.A","OBS_VALUE","Jordan","Population, Persons for countries / Index for country groups","Annual","Millions","4458000.0","4609000.0","4734000.0","4844000.0","4951000.0","5056000.0","5163000.0","5276000.0","5396000.0","5532000.0","5679000.0","6076000.0","6473000.0","6633000.0","6780000.0","6931000.0","7110000.0","7212000.0","7695000.0","8658000.0","9494000.0","9965000.0","1.0215E7","1.046E7","1.0699E7","1.0929E7","1.1148E7","1.1286E7","1.1337E7","1.1385E7","1.1442E7"
"IMF.RES:WEO(6.0.0)","JPN.LP.A","OBS_VALUE","Japan","Population, Persons for countries / Index for country groups","Annual","Millions","1.25436E8","1.25711E8","1.26011E8","1.26349E8","1.26587E8","1.26831E8","1.27132E8","1.274E8","1.27634E8","1.27734E8","1.27752E8","1.27746E8","1.27757E8","1.27692E8","1.27551E8","1.27594E8","1.27831E8","1.27552E8","1.27333E8","1.2712E8","1.26978E8","1.2696E8","1.26746E8","1.26495E8","1.26221E8","1.25849E8","1.25492E8","1.25063E8","1.24482E8","1.2389E8","1.23291E8"
"IMF.RES:WEO(6.0.0)","KEN.LP.A","OBS_VALUE","Kenya","Population, Persons for countries / Index for country groups","Annual","Millions","2.55E7","2.63E7","2.7E7","2.78E7","2.87E7","2.95E7","3.03E7","3.11E7","3.2E7","3.29E7","3.38E7","3.47E7","3.57E7","3.67E7","3.77E7","3.86E7","3.95E7","4.04E7","4.14E7","4.24E7","4.33E7","4.43E7","4.54E7","4.64E7","4.76E7","4.8797E7","4.9747E7","5.064E7","5.1539E7","5.2444E7","5.3354E7"
"IMF.RES:WEO(6.0.0)","KIR.LP.A","OBS_VALUE","Kiribati","Population, Persons for countries / Index for country groups","Annual","Millions","78000.0","79000.0","80000.0","82000.0","83000.0","84000.0","86000.0","88000.0","89000.0","91000.0","93000.0","95000.0","97000.0","99000.0","101000.0","103000.0","104000.0","106000.0","107000.0","109000.0","110000.0","112000.0","114000.0","116000.0","118000.0","119000.0","121000.0","123000.0","125000.0","127000.0","129000.0"
"IMF.RES:WEO(6.0.0)","JAM.LP.A","OBS_VALUE","Jamaica","Population, Persons for countries / Index for country groups","Annual","Millions","2462000.0","2485000.0","2509000.0","2534000.0","2559000.0","2582000.0","2605000.0","2620000.0","2629000.0","2639000.0","2648000.0","2658000.0","2667000.0","2677000.0","2686000.0","2696000.0","2703000.0","2710000.0","2713000.0","2716000.0","2719000.0","2722000.0","2726000.0","2731000.0","2734000.0","2737000.0","2740000.0","2743000.0","2747000.0","2750000.0","2753000.0"
"IMF.RES:WEO(6.0.0)","KOR.LP.A","OBS_VALUE","Korea, Republic of","Population, Persons for countries / Index for country groups","Annual","Millions","4.5093E7","4.5525E7","4.5954E7","4.6287E7","4.6617E7","4.7008E7","4.737E7","4.7645E7","4.7892E7","4.8083E7","4.8185E7","4.8438E7","4.8684E7","4.9055E7","4.9308E7","4.9554E7","4.9937E7","5.02E7","5.0429E7","5.0747E7","5.1015E7","5.1218E7","5.1362E7","5.1585E7","5.1765E7","5.1836E7","5.177E7","5.1673E7","5.1713E7","5.1751E7","5.1681E7"
"IMF.RES:WEO(6.0.0)","LAO.LP.A","OBS_VALUE","Lao People's Democratic Republic","Population, Persons for countries / Index for country groups","Annual","Millions","4923000.0","5039000.0","5151000.0","5247000.0","5340000.0","5431000.0","5520000.0","5606000.0","5689000.0","5768000.0","5853000.0","5947000.0","6041000.0","6136000.0","6230000.0","6323000.0","6416000.0","6509000.0","6601000.0","6691000.0","6787000.0","6891000.0","6998000.0","7105000.0","7212000.0","7319000.0","7425000.0","7477000.0","7582000.0","7686000.0","7788000.0"
"IMF.RES:WEO(6.0.0)","LSO.LP.A","OBS_VALUE","Lesotho, Kingdom of","Population, Persons for countries / Index for country groups","Annual","Millions","1877000.0","1862000.0","1864000.0","1865000.0","1867000.0","1868000.0","1869000.0","1871000.0","1872000.0","1874000.0","1875000.0","1877000.0","1889000.0","1902000.0","1915000.0","1928000.0","1941000.0","1954000.0","1967000.0","1980000.0","1994000.0","2007000.0","2021000.0","2034000.0","2048000.0","2062000.0","2087000.0","2112000.0","2138000.0","2164000.0","2190000.0"
"IMF.RES:WEO(6.0.0)","LBY.LP.A","OBS_VALUE","Libya","Population, Persons for countries / Index for country groups","Annual","Millions","4750000.0","4840000.0","4920000.0","5010000.0","5090000.0","5180000.0","5260000.0","5340000.0","5420000.0","5510000.0","5590000.0","5690000.0","5780000.0","5880000.0","5960000.0","6041000.0","5923000.0","6283000.0","6266000.0","6259000.0","6322000.0","6385000.0","6448000.0","6513000.0","6578000.0","6644000.0","6710000.0","6777000.0","6845000.0","6913000.0","6982000.0"
"IMF.RES:WEO(6.0.0)","MWI.LP.A","OBS_VALUE","Malawi","Population, Persons for countries / Index for country groups","Annual","Millions","1.0666E7","1.0876E7","1.1148E7","1.1458E7","1.1774E7","1.207E7","1.2343E7","1.2813E7","1.3098E7","1.3385E7","1.3654E7","1.4043E7","1.4439E7","1.4846E7","1.5274E7","1.5714E7","1.6166E7","1.6632E7","1.7111E7","1.7604E7","1.8111E7","1.8632E7","1.9169E7","1.9721E7","2.0289E7","2.0873E7","2.1474E7","2.2093E7","2.2729E7","2.3384E7","2.4057E7"
"IMF.RES:WEO(6.0.0)","MDG.LP.A","OBS_VALUE","Madagascar, Republic of","Population, Persons for countries / Index for country groups","Annual","Millions","1.2987E7","1.3378E7","1.378E7","1.4195E7","1.4622E7","1.5063E7","1.5516E7","1.5983E7","1.6464E7","1.696E7","1.747E7","1.7996E7","1.8538E7","1.9096E7","1.967E7","2.0262E7","2.0872E7","2.1501E7","2.2148E7","2.2814E7","2.3501E7","2.4209E7","2.4937E7","2.5674E7","2.6525E7","2.734E7","2.8178E7","2.8961E7","2.9766E7","3.0594E7","3.1444E7"
"IMF.RES:WEO(6.0.0)","LUX.LP.A","OBS_VALUE","Luxembourg","Population, Persons for countries / Index for country groups","Annual","Millions","406000.0","412000.0","417000.0","422000.0","427000.0","434000.0","439000.0","444000.0","448000.0","455000.0","461000.0","469000.0","476000.0","484000.0","494000.0","502000.0","512000.0","525000.0","537000.0","550000.0","563000.0","576000.0","591000.0","602000.0","614000.0","626000.0","635000.0","645000.0","661000.0","672000.0","685000.0"
"IMF.RES:WEO(6.0.0)","MDV.LP.A","OBS_VALUE","Maldives","Population, Persons for countries / Index for country groups","Annual","Millions","245000.0","250000.0","255000.0","261000.0","266000.0","270000.0","276000.0","281000.0","285000.0","289000.0","294000.0","299000.0","305000.0","310000.0","315000.0","320000.0","325000.0","331000.0","336000.0","342000.0","348000.0","354000.0","360000.0","366000.0","372000.0","378000.0","384000.0","391000.0","397000.0","404000.0","411000.0"
"IMF.RES:WEO(6.0.0)","MLI.LP.A","OBS_VALUE","Mali","Population, Persons for countries / Index for country groups","Annual","Millions","9921000.0","1.0132E7","1.0359E7","1.062E7","1.0917E7","1.1239E7","1.1584E7","1.1953E7","1.2342E7","1.2752E7","1.3181E7","1.3624E7","1.4081E7","1.4551E7","1.5033E7","1.5529E7","1.604E7","1.6515E7","1.7004E7","1.7552E7","1.8113E7","1.87E7","1.9311E7","1.9934E7","2.0567E7","2.1224E7","2.1905E7","2.2594E7","2.3294E7","2.4031E7","2.479E7"
"IMF.RES:WEO(6.0.0)","MYS.LP.A","OBS_VALUE","Malaysia","Population, Persons for countries / Index for country groups","Annual","Millions","2.0682E7","2.1223E7","2.1769E7","2.2334E7","2.291E7","2.3495E7","2.4123E7","2.4727E7","2.532E7","2.5905E7","2.6477E7","2.6832E7","2.71E7","2.76E7","2.8082E7","2.8589E7","2.9062E7","2.951E7","3.0214E7","3.0709E7","3.1186E7","3.1634E7","3.2023E7","3.2382E7","3.2523E7","3.2447E7","3.2576E7","3.2652E7","3.3059E7","3.346E7","3.3852E7"
"IMF.RES:WEO(6.0.0)","MLT.LP.A","OBS_VALUE","Malta","Population, Persons for countries / Index for country groups","Annual","Millions","376000.0","378000.0","381000.0","384000.0","386000.0","389000.0","391000.0","395000.0","397000.0","400000.0","403000.0","405000.0","406000.0","408000.0","411000.0","414000.0","415000.0","418000.0","421000.0","428000.0","439000.0","450000.0","459000.0","475000.0","493000.0","515000.0","516000.0","520000.0","542000.0","553000.0","563000.0"
"IMF.RES:WEO(6.0.0)","MEX.LP.A","OBS_VALUE","Mexico","Population, Persons for countries / Index for country groups","Annual","Millions","9.2507E7","9.4006E7","9.5438E7","9.6799E7","9.8085E7","9.9369E7","1.00739E8","1.02167E8","1.03588E8","1.04971E8","1.06371E8","1.07886E8","1.09539E8","1.11276E8","1.1303E8","1.14756E8","1.16446E8","1.18061E8","1.19598E8","1.21049E8","1.22368E8","1.23587E8","1.24777E8","1.25996E8","1.27216E8","1.28209E8","1.28983E8","1.29961E8","1.31135E8","1.32274E8","1.33367E8"
"IMF.RES:WEO(6.0.0)","MUS.LP.A","OBS_VALUE","Mauritius","Population, Persons for countries / Index for country groups","Annual","Millions","1122000.0","1134000.0","1148000.0","1160000.0","1175000.0","1187000.0","1196000.0","1205000.0","1213000.0","1221000.0","1228000.0","1234000.0","1240000.0","1244000.0","1247000.0","1250000.0","1252000.0","1256000.0","1259000.0","1261000.0","1263000.0","1264000.0","1265000.0","1266000.0","1265000.0","1266000.0","1264000.0","1261000.0","1260000.0","1258000.0","1256000.0"
"IMF.RES:WEO(6.0.0)","MOZ.LP.A","OBS_VALUE","Mozambique, Republic of","Population, Persons for countries / Index for country groups","Annual","Millions","1.5483E7","1.596E7","1.6397E7","1.6814E7","1.7244E7","1.7712E7","1.8222E7","1.8764E7","1.9331E7","1.9911E7","2.0494E7","2.108E7","2.1673E7","2.2277E7","2.2895E7","2.3532E7","2.4188E7","2.4863E7","2.5561E7","2.6286E7","2.7042E7","2.783E7","2.8649E7","2.9424E7","3.0286E7","3.1178E7","3.2077E7","3.297E7","3.3897E7","3.4858E7","3.5835E7"
"IMF.RES:WEO(6.0.0)","MAR.LP.A","OBS_VALUE","Morocco","Population, Persons for countries / Index for country groups","Annual","Millions","2.6384E7","2.6761E7","2.714E7","2.7519E7","2.79E7","2.8283E7","2.8666E7","2.9051E7","2.9438E7","2.9826E7","3.0215E7","3.0606E7","3.0998E7","3.1391E7","3.1786E7","3.2182E7","3.2579E7","3.2978E7","3.3378E7","3.377E7","3.4125E7","3.4487E7","3.4852E7","3.522E7","3.5587E7","3.5952E7","3.6313E7","3.667E7","3.7022E7","3.737E7","3.7712E7"
"IMF.RES:WEO(6.0.0)","NPL.LP.A","OBS_VALUE","Nepal","Population, Persons for countries / Index for country groups","Annual","Millions","2.2306E7","2.2784E7","2.3249E7","2.3703E7","2.4143E7","2.456E7","2.4956E7","2.5332E7","2.5683E7","2.6004E7","2.6285E7","2.6519E7","2.6714E7","2.6882E7","2.7027E7","2.7162E7","2.7266E7","2.7331E7","2.7382E7","2.7462E7","2.761E7","2.7861E7","2.8183E7","2.8507E7","2.8832E7","2.9349E7","3.0035E7","3.0548E7","3.0897E7","3.125E7","3.1607E7"
"IMF.RES:WEO(6.0.0)","NLD.LP.A","OBS_VALUE","Netherlands, The","Population, Persons for countries / Index for country groups","Annual","Millions","1.5424E7","1.5494E7","1.5567E7","1.5654E7","1.576E7","1.5864E7","1.5987E7","1.6105E7","1.6193E7","1.6258E7","1.6306E7","1.6334E7","1.6358E7","1.6405E7","1.6486E7","1.6575E7","1.6656E7","1.673E7","1.678E7","1.6829E7","1.6901E7","1.6979E7","1.7082E7","1.7181E7","1.7282E7","1.7408E7","1.7475E7","1.7591E7","1.7811E7","1.7943E7","1.8048E7"
"IMF.RES:WEO(6.0.0)","NZL.LP.A","OBS_VALUE","New Zealand","Population, Persons for countries / Index for country groups","Annual","Millions","3676000.0","3734000.0","3783000.0","3816000.0","3837000.0","3860000.0","3887000.0","3951000.0","4028000.0","4089000.0","4136000.0","4185000.0","4226000.0","4262000.0","4305000.0","4353000.0","4386000.0","4411000.0","4447000.0","4520000.0","4613000.0","4717000.0","4815000.0","4902000.0","4986000.0","5086000.0","5111000.0","5125000.0","5243000.0","5335000.0","5391000.0"
"IMF.RES:WEO(6.0.0)","NER.LP.A","OBS_VALUE","Niger","Population, Persons for countries / Index for country groups","Annual","Millions","9490000.0","9827000.0","1.0178E7","1.0546E7","1.093E7","1.1332E7","1.1751E7","1.219E7","1.2648E7","1.3126E7","1.3624E7","1.4144E7","1.4685E7","1.5251E7","1.5843E7","1.6464E7","1.7115E7","1.7795E7","1.8504E7","1.924E7","2.0002E7","2.0789E7","2.1602E7","2.2443E7","2.3311E7","2.4207E7","2.5131E7","2.6084E7","2.7066E7","2.808E7","2.9126E7"
"IMF.RES:WEO(6.0.0)","NGA.LP.A","OBS_VALUE","Nigeria","Population, Persons for countries / Index for country groups","Annual","Millions","1.07948E8","1.10669E8","1.13458E8","1.1632E8","1.1926E8","1.22284E8","1.25394E8","1.28596E8","1.31901E8","1.3532E8","1.38865E8","1.42538E8","1.4634E8","1.5027E8","1.54325E8","1.58503E8","1.62805E8","1.67229E8","1.71766E8","1.76405E8","1.81137E8","1.8596E8","1.90873E8","1.95875E8","2.00964E8","2.0614E8","2.11401E8","2.16747E8","2.22182E8","2.27713E8","2.33343E8"
"IMF.RES:WEO(6.0.0)","NOR.LP.A","OBS_VALUE","Norway","Population, Persons for countries / Index for country groups","Annual","Millions","4370000.0","4393000.0","4413000.0","4441000.0","4473000.0","4501000.0","4519000.0","4547000.0","4573000.0","4599000.0","4632000.0","4672000.0","4722000.0","4787000.0","4843000.0","4908000.0","4973000.0","5038000.0","5096000.0","5156000.0","5205000.0","5252000.0","5290000.0","5324000.0","5357000.0","5385000.0","5415000.0","5475000.0","5534000.0","5585000.0","5622000.0"
"IMF.RES:WEO(6.0.0)","OMN.LP.A","OBS_VALUE","Oman","Population, Persons for countries / Index for country groups","Annual","Millions","2172000.0","2225000.0","2274000.0","2318000.0","2361000.0","2402000.0","2443000.0","2484000.0","2526000.0","2570000.0","2618000.0","2670000.0","2726000.0","2785000.0","2883000.0","2998000.0","3295000.0","3623000.0","3855000.0","3992000.0","4159000.0","4414000.0","4560000.0","4602000.0","4618000.0","4445000.0","4488000.0","4934000.0","5166000.0","5331000.0","5502000.0"
"IMF.RES:WEO(6.0.0)","PAK.LP.A","OBS_VALUE","Pakistan","Population, Persons for countries / Index for country groups","Annual","Millions","1.20047E8","1.23069E8","1.26128E8","1.29222E8","1.32352E8","1.3555E8","1.3887E8","1.4228E8","1.4578E8","1.4936E8","1.5304E8","1.5681E8","1.6067E8","1.6463E8","1.6869E8","1.7286E8","1.7713E8","1.8152E8","1.8601E8","1.9062E8","1.9535E8","2.0019E8","2.0517E8","2.0975E8","2.1395E8","2.1824E8","2.2259E8","2.27E8","2.3145E8","2.3595E8","2.40537E8"
"IMF.RES:WEO(6.0.0)","PAN.LP.A","OBS_VALUE","Panama","Population, Persons for countries / Index for country groups","Annual","Millions","2747000.0","2804000.0","2862000.0","2921000.0","2980000.0","3041000.0","3102000.0","3164000.0","3227000.0","3289000.0","3351000.0","3413000.0","3476000.0","3538000.0","3600000.0","3662000.0","3724000.0","3788000.0","3851000.0","3913000.0","3975000.0","4037000.0","4098000.0","4159000.0","4219000.0","4279000.0","4337000.0","4395000.0","4453000.0","4510000.0","4566000.0"
"IMF.RES:WEO(6.0.0)","PNG.LP.A","OBS_VALUE","Papua New Guinea","Population, Persons for countries / Index for country groups","Annual","Millions","4520000.0","4640000.0","4761000.0","4883000.0","5006000.0","5130000.0","5256000.0","5384000.0","5515000.0","5647000.0","5781000.0","5917000.0","6056000.0","6196000.0","6339000.0","6738000.0","7254000.0","7615000.0","7993000.0","8390000.0","8807000.0","9245000.0","9704000.0","1.0186E7","1.0693E7","1.1224E7","1.1782E7","1.2029E7","1.2282E7","1.2539E7","1.2803E7"
"IMF.RES:WEO(6.0.0)","PER.LP.A","OBS_VALUE","Peru","Population, Persons for countries / Index for country groups","Annual","Millions","2.4243E7","2.4689E7","2.5145E7","2.5593E7","2.6014E7","2.639E7","2.6715E7","2.6999E7","2.7255E7","2.7492E7","2.7722E7","2.7935E7","2.8122E7","2.83E7","2.8485E7","2.8693E7","2.8906E7","2.9113E7","2.9341E7","2.9616E7","2.9964E7","3.0423E7","3.0974E7","3.1562E7","3.2131E7","3.2626E7","3.3035E7","3.3397E7","3.3731E7","3.4068E7","3.4409E7"
"IMF.RES:WEO(6.0.0)","PRY.LP.A","OBS_VALUE","Paraguay","Population, Persons for countries / Index for country groups","Annual","Millions","4526000.0","4634000.0","4741000.0","4848000.0","4952000.0","5054000.0","5148000.0","5227000.0","5295000.0","5358000.0","5419000.0","5478000.0","5533000.0","5586000.0","5641000.0","5701000.0","5775000.0","5855000.0","5939000.0","6026000.0","6114000.0","6204000.0","6294000.0","6383000.0","6472000.0","6559000.0","6649000.0","6719000.0","6802000.0","6887000.0","6972000.0"
"IMF.RES:WEO(6.0.0)","PRT.LP.A","OBS_VALUE","Portugal","Population, Persons for countries / Index for country groups","Annual","Millions","1.0026E7","1.0064E7","1.0109E7","1.016E7","1.0218E7","1.029E7","1.0363E7","1.042E7","1.0459E7","1.0484E7","1.0503E7","1.0522E7","1.0543E7","1.0558E7","1.0568E7","1.0573E7","1.0566E7","1.0531E7","1.0474E7","1.042E7","1.0382E7","1.0357E7","1.034E7","1.0335E7","1.0354E7","1.0385E7","1.0408E7","1.0469E7","1.0578E7","1.0671E7","1.0714E7"
"IMF.RES:WEO(6.0.0)","POL.LP.A","OBS_VALUE","Poland, Republic of","Population, Persons for countries / Index for country groups","Annual","Millions","3.8581E7","3.8609E7","3.8639E7","3.866E7","3.8667E7","3.8263E7","3.8254E7","3.8242E7","3.8219E7","3.8191E7","3.8174E7","3.8157E7","3.8125E7","3.8116E7","3.8136E7","3.8023E7","3.8063E7","3.8064E7","3.8063E7","3.8018E7","3.8006E7","3.7967E7","3.7973E7","3.7977E7","3.7973E7","3.7958E7","3.7073E7","3.689E7","3.6754E7","3.6621E7","3.6559E7"
"IMF.RES:WEO(6.0.0)","PHL.LP.A","OBS_VALUE","Philippines","Population, Persons for countries / Index for country groups","Annual","Millions","6.841E7","7.19E7","7.353E7","7.536E7","7.699E7","7.695E7","7.861E7","8.027E7","8.191E7","8.355E7","8.517E7","8.679E7","8.839E7","8.998E7","9.156E7","9.314E7","9.47E7","9.625E7","9.779E7","9.931E7","1.0083E8","1.0253E8","1.0417E8","1.0576E8","1.0729E8","1.092E8","1.1008E8","1.1094E8","1.1191E8","1.1317E8","1.14374E8"
"IMF.RES:WEO(6.0.0)","PRI.LP.A","OBS_VALUE","Puerto Rico","Population, Persons for countries / Index for country groups","Annual","Millions","3655000.0","3685000.0","3716000.0","3748000.0","3782000.0","3811000.0","3819000.0","3824000.0","3826000.0","3827000.0","3821000.0","3805000.0","3783000.0","3761000.0","3740000.0","3722000.0","3679000.0","3634000.0","3593000.0","3535000.0","3474000.0","3411000.0","3300000.0","3200000.0","3200000.0","3159000.0","3200000.0","3200000.0","3206000.0","3190000.0","3174000.0"
"IMF.RES:WEO(6.0.0)","QAT.LP.A","OBS_VALUE","Qatar","Population, Persons for countries / Index for country groups","Annual","Millions","501000.0","512000.0","529000.0","550000.0","572000.0","594000.0","612000.0","630000.0","660000.0","720000.0","821000.0","968000.0","1152000.0","1554000.0","1639000.0","1715000.0","1733000.0","1833000.0","2004000.0","2216000.0","2438000.0","2618000.0","2725000.0","2760000.0","2799000.0","2834000.0","2748000.0","2932000.0","3063000.0","3094000.0","3109000.0"
"IMF.RES:WEO(6.0.0)","ROU.LP.A","OBS_VALUE","Romania","Population, Persons for countries / Index for country groups","Annual","Millions","2.2927E7","2.28E7","2.2679E7","2.2565E7","2.2458E7","2.2455E7","2.243E7","2.1833E7","2.1628E7","2.1521E7","2.1382E7","2.1257E7","2.1131E7","2.0635E7","2.044E7","2.0295E7","2.0199E7","2.0096E7","2.002E7","1.9947E7","1.9871E7","1.9761E7","1.9644E7","1.9533E7","1.9414E7","1.9329E7","1.9202E7","1.9042E7","1.9055E7","1.8944E7","1.8832E7"
"IMF.RES:WEO(6.0.0)","RWA.LP.A","OBS_VALUE","Rwanda","Population, Persons for countries / Index for country groups","Annual","Millions","5992000.0","5925000.0","6203000.0","6769000.0","7500000.0","7700000.0","7900000.0","8100000.0","8300000.0","8600000.0","8800000.0","9000000.0","9200000.0","9500000.0","9700000.0","1.0E7","1.02E7","1.0483E7","1.0737E7","1.0997E7","1.1263E7","1.1533E7","1.1809E7","1.209E7","1.2374E7","1.2663E7","1.2956E7","1.3246E7","1.3499E7","1.3857E7","1.4162E7"
"IMF.RES:WEO(6.0.0)","STP.LP.A","OBS_VALUE","São Tomé and Príncipe, Democratic Republic of","Population, Persons for countries / Index for country groups","Annual","Millions","127000.0","130000.0","132000.0","135000.0","137000.0","139000.0","142000.0","144000.0","147000.0","151000.0","155000.0","159000.0","163000.0","167000.0","171000.0","175000.0","179000.0","183000.0","187000.0","191000.0","196000.0","200000.0","204000.0","209000.0","213000.0","218000.0","223000.0","227000.0","232000.0","237000.0","242000.0"
"IMF.RES:WEO(6.0.0)","SEN.LP.A","OBS_VALUE","Senegal","Population, Persons for countries / Index for country groups","Annual","Millions","8690000.0","8913000.0","9131000.0","9348000.0","9569000.0","9798000.0","1.0036E7","1.0284E7","1.0541E7","1.081E7","1.109E7","1.1382E7","1.1687E7","1.2005E7","1.2335E7","1.2678E7","1.3034E7","1.3402E7","1.3782E7","1.4175E7","1.4578E7","1.4994E7","1.5419E7","1.5854E7","1.6296E7","1.6744E7","1.7204E7","1.7676E7","1.8162E7","1.8661E7","1.9173E7"
"IMF.RES:WEO(6.0.0)","SAU.LP.A","OBS_VALUE","Saudi Arabia","Population, Persons for countries / Index for country groups","Annual","Millions","1.5981E7","1.6391E7","1.6811E7","1.7242E7","1.7684E7","1.8138E7","1.8603E7","1.908E7","1.9569E7","2.0071E7","2.0586E7","2.1113E7","2.1655E7","2.221E7","2.278E7","2.3978E7","2.5092E7","2.6169E7","2.7624E7","2.8309E7","2.9816E7","3.0954E7","3.0977E7","3.0196E7","3.0064E7","3.1553E7","3.0784E7","3.2175E7","3.3703E7","3.53E7","3.6006E7"
"IMF.RES:WEO(6.0.0)","SYC.LP.A","OBS_VALUE","Seychelles","Population, Persons for countries / Index for country groups","Annual","Millions","75000.0","76000.0","77000.0","79000.0","80000.0","81000.0","81000.0","83000.0","83000.0","82000.0","83000.0","85000.0","85000.0","87000.0","87000.0","90000.0","87000.0","88000.0","90000.0","91000.0","93000.0","94000.0","94000.0","95000.0","96000.0","97000.0","98000.0","99000.0","100000.0","101000.0","102000.0"
"IMF.RES:WEO(6.0.0)","SLE.LP.A","OBS_VALUE","Sierra Leone","Population, Persons for countries / Index for country groups","Annual","Millions","4304000.0","4313000.0","4335000.0","4381000.0","4462000.0","4585000.0","4754000.0","4966000.0","5201000.0","5434000.0","5646000.0","5829000.0","5990000.0","6134000.0","6273000.0","6416000.0","6563000.0","6713000.0","6864000.0","7017000.0","7172000.0","7329000.0","7488000.0","7650000.0","7813000.0","7977000.0","8141000.0","8606000.0","8791000.0","8972000.0","9157000.0"
"IMF.RES:WEO(6.0.0)","SGP.LP.A","OBS_VALUE","Singapore","Population, Persons for countries / Index for country groups","Annual","Millions","3525000.0","3671000.0","3796000.0","3927000.0","3959000.0","4028000.0","4138000.0","4176000.0","4115000.0","4167000.0","4266000.0","4401000.0","4589000.0","4839000.0","4988000.0","5077000.0","5184000.0","5312000.0","5399000.0","5470000.0","5535000.0","5607000.0","5612000.0","5639000.0","5704000.0","5686000.0","5454000.0","5637000.0","5918000.0","6037000.0","6077000.0"
"IMF.RES:WEO(6.0.0)","SLB.LP.A","OBS_VALUE","Solomon Islands","Population, Persons for countries / Index for country groups","Annual","Millions","367000.0","377000.0","388000.0","398000.0","409000.0","423000.0","438000.0","452000.0","466000.0","480000.0","495000.0","509000.0","523000.0","537000.0","552000.0","567000.0","583000.0","599000.0","615000.0","631000.0","647000.0","663000.0","679000.0","695000.0","711000.0","725000.0","740000.0","754000.0","769000.0","783000.0","798000.0"
"IMF.RES:WEO(6.0.0)","ZAF.LP.A","OBS_VALUE","South Africa","Population, Persons for countries / Index for country groups","Annual","Millions","4.143E7","4.221E7","4.292E7","4.358E7","4.423E7","4.49E7","4.5724E7","4.6573E7","4.7005E7","4.7505E7","4.8061E7","4.8642E7","4.9265E7","4.9936E7","5.0654E7","5.1405E7","5.2217E7","5.3068E7","5.394E7","5.483E7","5.5711E7","5.6543E7","5.7366E7","5.8233E7","5.9131E7","6.0003E7","6.0642E7","6.1356E7","6.2272E7","6.3202E7","6.4146E7"
"IMF.RES:WEO(6.0.0)","KNA.LP.A","OBS_VALUE","St. Kitts and Nevis","Population, Persons for countries / Index for country groups","Annual","Millions","42000.0","43000.0","43000.0","44000.0","44000.0","45000.0","46000.0","46000.0","46000.0","46000.0","46000.0","46000.0","47000.0","47000.0","47000.0","47000.0","47000.0","48000.0","48000.0","48000.0","49000.0","49000.0","49000.0","50000.0","50000.0","51000.0","51000.0","51000.0","51000.0","51000.0","52000.0"
"IMF.RES:WEO(6.0.0)","ESP.LP.A","OBS_VALUE","Spain","Population, Persons for countries / Index for country groups","Annual","Millions","3.9781E7","3.9873E7","3.9978E7","4.0118E7","4.0325E7","4.0666E7","4.1035E7","4.1828E7","4.2547E7","4.3296E7","4.401E7","4.4785E7","4.5669E7","4.6239E7","4.6487E7","4.6667E7","4.6818E7","4.6713E7","4.6496E7","4.6426E7","4.6419E7","4.6497E7","4.6645E7","4.6919E7","4.7318E7","4.7401E7","4.7487E7","4.8085E7","4.8628E7","4.9078E7","4.9721E7"
"IMF.RES:WEO(6.0.0)","SDN.LP.A","OBS_VALUE","Sudan","Population, Persons for countries / Index for country groups","Annual","Millions","2.795E7","2.86E7","2.92E7","2.98E7","3.04E7","3.11E7","3.19E7","3.27E7","3.36E7","3.4474E7","3.53E7","3.6218E7","3.7159E7","3.8126E7","3.9117E7","4.0134E7","3.2661E7","3.5056E7","3.6164E7","3.7289E7","3.8435E7","3.9599E7","4.0783E7","4.1985E7","4.3222E7","4.4345E7","4.5498E7","4.6681E7","4.7895E7","4.914E7","5.0418E7"
"IMF.RES:WEO(6.0.0)","VCT.LP.A","OBS_VALUE","St. Vincent and the Grenadines","Population, Persons for countries / Index for country groups","Annual","Millions","107000.0","107000.0","107000.0","107000.0","108000.0","108000.0","108000.0","108000.0","108000.0","108000.0","108000.0","108000.0","109000.0","109000.0","109000.0","109000.0","109000.0","109000.0","109000.0","110000.0","110000.0","110000.0","110000.0","111000.0","111000.0","111000.0","111000.0","111000.0","111000.0","111000.0","111000.0"
"IMF.RES:WEO(6.0.0)","LCA.LP.A","OBS_VALUE","St. Lucia","Population, Persons for countries / Index for country groups","Annual","Millions","148000.0","150000.0","153000.0","155000.0","157000.0","159000.0","160000.0","162000.0","163000.0","164000.0","165000.0","167000.0","168000.0","169000.0","170000.0","171000.0","172000.0","173000.0","173000.0","174000.0","175000.0","176000.0","176000.0","177000.0","178000.0","178000.0","179000.0","179000.0","179000.0","180000.0","182000.0"
"IMF.RES:WEO(6.0.0)","CHE.LP.A","OBS_VALUE","Switzerland","Population, Persons for countries / Index for country groups","Annual","Millions","7019000.0","7062000.0","7081000.0","7096000.0","7124000.0","7164000.0","7198000.0","7256000.0","7314000.0","7364000.0","7415000.0","7459000.0","7509000.0","7593000.0","7702000.0","7786000.0","7870000.0","7955000.0","8039000.0","8140000.0","8238000.0","8327000.0","8420000.0","8484000.0","8545000.0","8606000.0","8670000.0","8739000.0","8815000.0","8962000.0","9029000.0"
"IMF.RES:WEO(6.0.0)","SWE.LP.A","OBS_VALUE","Sweden","Population, Persons for countries / Index for country groups","Annual","Millions","8837000.0","8844000.0","8848000.0","8854000.0","8861000.0","8883000.0","8909000.0","8941000.0","8976000.0","9011000.0","9048000.0","9113000.0","9183000.0","9256000.0","9341000.0","9416000.0","9483000.0","9556000.0","9645000.0","9747000.0","9851000.0","9995000.0","1.012E7","1.023E7","1.0328E7","1.0379E7","1.0452E7","1.0522E7","1.0552E7","1.0588E7","1.0676E7"
"IMF.RES:WEO(6.0.0)","TWN.LP.A","OBS_VALUE","Taiwan Province of China","Population, Persons for countries / Index for country groups","Annual","Millions","2.1357E7","2.1525E7","2.1743E7","2.1929E7","2.2092E7","2.2277E7","2.2406E7","2.2521E7","2.2605E7","2.2689E7","2.277E7","2.2877E7","2.2958E7","2.3037E7","2.312E7","2.3162E7","2.3225E7","2.3316E7","2.3374E7","2.3434E7","2.3492E7","2.354E7","2.3571E7","2.3589E7","2.3603E7","2.3561E7","2.3375E7","2.3265E7","2.342E7","2.34E7","2.338E7"
"IMF.RES:WEO(6.0.0)","THA.LP.A","OBS_VALUE","Thailand","Population, Persons for countries / Index for country groups","Annual","Millions","5.9467E7","6.013E7","6.0847E7","6.1585E7","6.2299E7","6.2953E7","6.3539E7","6.4069E7","6.455E7","6.4995E7","6.5416E7","6.5813E7","6.6182E7","6.6531E7","6.6867E7","6.7195E7","6.7518E7","6.7836E7","6.8145E7","6.8439E7","6.8715E7","6.8971E7","6.921E7","6.9428E7","6.9626E7","6.98E7","6.9951E7","7.0078E7","7.0183E7","7.0266E7","7.0329E7"
"IMF.RES:WEO(6.0.0)","TZA.LP.A","OBS_VALUE","Tanzania, United Republic of","Population, Persons for countries / Index for country groups","Annual","Millions","2.8829E7","2.9603E7","3.033E7","3.1014E7","3.1751E7","3.2544E7","3.3406E7","3.4328E7","3.5302E7","3.6314E7","3.7354E7","3.8421E7","3.9522E7","4.064E7","4.1824E7","4.306E7","4.4348E7","4.5688E7","4.7076E7","4.8511E7","4.9989E7","5.151E7","5.3074E7","5.468E7","5.6322E7","5.8001E7","5.973E7","6.151E7","6.3343E7","6.5231E7","6.7175E7"
"IMF.RES:WEO(6.0.0)","TON.LP.A","OBS_VALUE","Tonga","Population, Persons for countries / Index for country groups","Annual","Millions","97000.0","98000.0","98000.0","98000.0","99000.0","99000.0","100000.0","100000.0","100000.0","101000.0","101000.0","102000.0","102000.0","102000.0","103000.0","103000.0","103000.0","103000.0","102000.0","102000.0","101000.0","101000.0","101000.0","100000.0","100000.0","100000.0","100000.0","100000.0","100000.0","99000.0","99000.0"
"IMF.RES:WEO(6.0.0)","TGO.LP.A","OBS_VALUE","Togo","Population, Persons for countries / Index for country groups","Annual","Millions","4280000.0","4446000.0","4593000.0","4728000.0","4868000.0","5008000.0","5145000.0","5282000.0","5421000.0","5565000.0","5712000.0","5874000.0","6048000.0","6222000.0","6399000.0","6572000.0","6749000.0","6927000.0","7106000.0","7288000.0","7473000.0","7661000.0","7853000.0","8047000.0","8243000.0","8443000.0","8647000.0","8856000.0","9070000.0","9290000.0","9515000.0"
"IMF.RES:WEO(6.0.0)","TUN.LP.A","OBS_VALUE","Tunisia","Population, Persons for countries / Index for country groups","Annual","Millions","9114000.0","9256000.0","9384000.0","9499000.0","9604000.0","9699000.0","9786000.0","9864000.0","9940000.0","1.0018E7","1.0102E7","1.0196E7","1.0298E7","1.0407E7","1.0522E7","1.064E7","1.0761E7","1.0887E7","1.1015E7","1.1144E7","1.1274E7","1.1403E7","1.1532E7","1.1659E7","1.1783E7","1.1903E7","1.2019E7","1.2129E7","1.2235E7","1.2336E7","1.2432E7"
"IMF.RES:WEO(6.0.0)","TUR.LP.A","OBS_VALUE","Türkiye, Republic of","Population, Persons for countries / Index for country groups","Annual","Millions","5.9756E7","6.0671E7","6.1582E7","6.2464E7","6.3364E7","6.4269E7","6.5166E7","6.6003E7","6.6795E7","6.7599E7","6.8435E7","6.9295E7","7.0158E7","7.1052E7","7.2039E7","7.3142E7","7.4224E7","7.5176E7","7.6148E7","7.7182E7","7.8218E7","7.9278E7","8.0313E7","8.1407E7","8.2579E7","8.3385E7","8.4147E7","8.498E7","8.5326E7","8.5519E7","8.6026E7"
"IMF.RES:WEO(6.0.0)","TTO.LP.A","OBS_VALUE","Trinidad and Tobago","Population, Persons for countries / Index for country groups","Annual","Millions","1254000.0","1258000.0","1260000.0","1262000.0","1264000.0","1267000.0","1272000.0","1277000.0","1284000.0","1290000.0","1296000.0","1303000.0","1308000.0","1314000.0","1321000.0","1328000.0","1336000.0","1345000.0","1354000.0","1362000.0","1370000.0","1378000.0","1384000.0","1390000.0","1395000.0","1399000.0","1407000.0","1414000.0","1421000.0","1428000.0","1435000.0"
"IMF.RES:WEO(6.0.0)","UGA.LP.A","OBS_VALUE","Uganda","Population, Persons for countries / Index for country groups","Annual","Millions","1.8595E7","1.9214E7","1.9832E7","2.045E7","2.1113E7","2.182E7","2.2526E7","2.3277E7","2.4116E7","2.4956E7","2.5795E7","2.6678E7","2.7606E7","2.8578E7","2.9549E7","3.0521E7","3.1537E7","3.2548E7","3.351E7","3.4477E7","3.5492E7","3.6561E7","3.7674E7","3.8823E7","3.9823E7","4.1222E7","4.246E7","4.3799E7","4.5222E7","4.6623E7","4.8022E7"
"IMF.RES:WEO(6.0.0)","GBR.LP.A","OBS_VALUE","United Kingdom","Population, Persons for countries / Index for country groups","Annual","Millions","5.8025E7","5.8164E7","5.8314E7","5.8475E7","5.8684E7","5.8886E7","5.9113E7","5.9366E7","5.9637E7","5.995E7","6.0413E7","6.0827E7","6.1319E7","6.1824E7","6.2261E7","6.276E7","6.3285E7","6.3705E7","6.4106E7","6.4597E7","6.511E7","6.5648E7","6.604E7","6.6436E7","6.6797E7","6.7081E7","6.728E7","6.76E7","6.85E7","6.9226E7","6.9868E7"
"IMF.RES:WEO(6.0.0)","ARE.LP.A","OBS_VALUE","United Arab Emirates","Population, Persons for countries / Index for country groups","Annual","Millions","2411000.0","2443000.0","2580000.0","2834000.0","3033000.0","3169000.0","3346000.0","3546000.0","3866000.0","4230000.0","4585000.0","4910000.0","5595000.0","6498000.0","6774000.0","6965000.0","7244000.0","7539000.0","7847000.0","8272000.0","8738000.0","9132000.0","9315000.0","9379000.0","9513000.0","9289000.0","9861000.0","1.0289E7","1.0679E7","1.0999E7","1.1083E7"
"IMF.RES:WEO(6.0.0)","USA.LP.A","OBS_VALUE","United States","Population, Persons for countries / Index for country groups","Annual","Millions","2.66458E8","2.69581E8","2.72822E8","2.76022E8","2.79195E8","2.82296E8","2.85216E8","2.88019E8","2.90733E8","2.93389E8","2.96115E8","2.9893E8","3.01903E8","3.04718E8","3.07374E8","3.09737E8","3.11944E8","3.14167E8","3.16331E8","3.18619E8","3.20926E8","3.23221E8","3.2528E8","3.27023E8","3.28547E8","3.31307E8","3.32453E8","3.34273E8","3.37014E8","3.40102E8","3.42373E8"
"IMF.RES:WEO(6.0.0)","URY.LP.A","OBS_VALUE","Uruguay","Population, Persons for countries / Index for country groups","Annual","Millions","3228000.0","3248000.0","3286000.0","3312000.0","3336000.0","3349000.0","3351000.0","3347000.0","3338000.0","3341000.0","3352000.0","3358000.0","3359000.0","3363000.0","3378000.0","3397000.0","3413000.0","3420000.0","3427000.0","3434000.0","3442000.0","3449000.0","3456000.0","3463000.0","3471000.0","3478000.0","3485000.0","3492000.0","3499000.0","3506000.0","3513000.0"
"IMF.RES:WEO(6.0.0)","VUT.LP.A","OBS_VALUE","Vanuatu","Population, Persons for countries / Index for country groups","Annual","Millions","169000.0","173000.0","177000.0","182000.0","187000.0","191000.0","195000.0","200000.0","204000.0","209000.0","214000.0","219000.0","224000.0","229000.0","234000.0","240000.0","245000.0","251000.0","257000.0","263000.0","269000.0","272000.0","279000.0","285000.0","292000.0","302000.0","312000.0","323000.0","334000.0","345000.0","357000.0"
"IMF.RES:WEO(6.0.0)","VNM.LP.A","OBS_VALUE","Vietnam","Population, Persons for countries / Index for country groups","Annual","Millions","7.3627E7","7.4815E7","7.5991E7","7.7167E7","7.8333E7","7.9395E7","8.0469E7","8.1534E7","8.2302E7","8.3063E7","8.3833E7","8.4618E7","8.542E7","8.6243E7","8.7092E7","8.7968E7","8.786E7","8.8809E7","8.976E7","9.0729E7","9.1713E7","9.2695E7","9.3672E7","9.4666E7","9.6484E7","9.7583E7","9.8506E7","9.9462E7","1.00309E8","1.013E8","1.02161E8"
"IMF.RES:WEO(6.0.0)","ZWE.LP.A","OBS_VALUE","Zimbabwe","Population, Persons for countries / Index for country groups","Annual","Millions","1.1523E7","1.1905E7","1.1786E7","1.1756E7","1.1724E7","1.1693E7","1.1663E7","1.1632E7","1.164E7","1.173E7","1.183E7","1.201E7","1.204E7","1.212E7","1.223E7","1.234E7","1.2459E7","1.3061E7","1.343E7","1.3778E7","1.4075E7","1.4371E7","1.4668E7","1.4968E7","1.5268E7","1.5582E7","1.5904E7","1.6229E7","1.6624E7","1.6993E7","1.736E7"
"IMF.RES:WEO(6.0.0)","ZMB.LP.A","OBS_VALUE","Zambia","Population, Persons for countries / Index for country groups","Annual","Millions","8684000.0","8902000.0","9133000.0","9372000.0","9621000.0","9891000.0","1.0192E7","1.0508E7","1.0838E7","1.1188E7","1.1565E7","1.1972E7","1.2402E7","1.2853E7","1.3318E7","1.3792E7","1.4266E7","1.4745E7","1.5235E7","1.5738E7","1.6248E7","1.6768E7","1.7298E7","1.7836E7","1.838E7","1.8928E7","1.9473E7","2.0018E7","2.057E7","2.1135E7","2.1707E7"
"IMF.RES:WEO(6.0.0)","DJI.LP.A","OBS_VALUE","Djibouti","Population, Persons for countries / Index for country groups","Annual","Millions","630000.0","644000.0","661000.0","680000.0","700000.0","718000.0","733000.0","747000.0","760000.0","772000.0","783000.0","795000.0","805000.0","816000.0","828000.0","840000.0","854000.0","868000.0","883000.0","899000.0","914000.0","929000.0","944000.0","959000.0","974000.0","988000.0","1002000.0","1016000.0","1030000.0","1043000.0","1056000.0"
"IMF.RES:WEO(6.0.0)","CZE.LP.A","OBS_VALUE","Czech Republic","Population, Persons for countries / Index for country groups","Annual","Millions","1.0333E7","1.0321E7","1.0309E7","1.0299E7","1.029E7","1.0278E7","1.0232E7","1.0201E7","1.0193E7","1.0195E7","1.0199E7","1.0224E7","1.0254E7","1.0343E7","1.0426E7","1.0462E7","1.0487E7","1.0505E7","1.0516E7","1.0512E7","1.0538E7","1.0579E7","1.061E7","1.065E7","1.0694E7","1.0702E7","1.0517E7","1.0828E7","1.0851E7","1.0935E7","1.0904E7"
"IMF.RES:WEO(6.0.0)","EST.LP.A","OBS_VALUE","Estonia, Republic of","Population, Persons for countries / Index for country groups","Annual","Millions","1437000.0","1416000.0","1400000.0","1386000.0","1390000.0","1397000.0","1388000.0","1379000.0","1371000.0","1363000.0","1355000.0","1347000.0","1341000.0","1337000.0","1335000.0","1331000.0","1327000.0","1323000.0","1318000.0","1315000.0","1315000.0","1316000.0","1317000.0","1322000.0","1327000.0","1330000.0","1331000.0","1349000.0","1370000.0","1371000.0","1374000.0"
"IMF.RES:WEO(6.0.0)","LBR.LP.A","OBS_VALUE","Liberia","Population, Persons for countries / Index for country groups","Annual","Millions","","","","2517000.0","2700000.0","2848000.0","2954000.0","3025000.0","3077000.0","3136000.0","3218000.0","3329000.0","3462000.0","3608000.0","3754000.0","3891000.0","4017000.0","4136000.0","4248000.0","4360000.0","4472000.0","4587000.0","4702000.0","4819000.0","4937000.0","5058000.0","5180000.0","5305000.0","5432000.0","5561000.0","5692000.0"
"IMF.RES:WEO(6.0.0)","LBN.LP.A","OBS_VALUE","Lebanon","Population, Persons for countries / Index for country groups","Annual","Millions","3960000.0","4034000.0","4108000.0","4179000.0","4250000.0","4321000.0","4389000.0","4447000.0","4505000.0","4575000.0","4643000.0","4720000.0","4810000.0","4888000.0","4951000.0","4996000.0","5045000.0","5178000.0","5679000.0","6274000.0","6399000.0","6259000.0","6109000.0","5951000.0","5782000.0","5663000.0","5593000.0","5490000.0","5354000.0","5354000.0",""
"IMF.RES:WEO(6.0.0)","MKD.LP.A","OBS_VALUE","North Macedonia, Republic of","Population, Persons for countries / Index for country groups","Annual","Millions","1963000.0","1977000.0","1983000.0","1993000.0","2002000.0","2010000.0","2016000.0","2022000.0","2026000.0","2023000.0","2005000.0","1994000.0","1983000.0","1971000.0","1959000.0","1946000.0","1937000.0","1930000.0","1923000.0","1918000.0","1912000.0","1906000.0","1899000.0","1889000.0","1876000.0","1856000.0","1837000.0","1832000.0","1828000.0","1819000.0","1810000.0"
"IMF.RES:WEO(6.0.0)","ATG.LP.A","OBS_VALUE","Antigua and Barbuda","Population, Persons for countries / Index for country groups","Annual","Millions","67000.0","68000.0","70000.0","72000.0","74000.0","76000.0","77000.0","78000.0","78000.0","79000.0","80000.0","81000.0","82000.0","83000.0","84000.0","85000.0","86000.0","87000.0","88000.0","89000.0","91000.0","92000.0","94000.0","95000.0","96000.0","98000.0","99000.0","101000.0","102000.0","104000.0","105000.0"
"IMF.RES:WEO(6.0.0)","DZA.LP.A","OBS_VALUE","Algeria","Population, Persons for countries / Index for country groups","Annual","Millions","2.806E7","2.8566E7","2.9045E7","2.9507E7","2.9965E7","3.0506E7","3.0954E7","3.1414E7","3.1885E7","3.2366E7","3.2855E7","3.3351E7","3.3858E7","3.4591E7","3.5268E7","3.5978E7","3.6717E7","3.7495E7","3.8297E7","3.9114E7","3.9963E7","4.0836E7","4.1721E7","4.2578E7","4.3424E7","4.3851E7","4.4577E7","4.5291E7","4.5973E7","4.6626E7","4.7251E7"
"IMF.RES:WEO(6.0.0)","ALB.LP.A","OBS_VALUE","Albania","Population, Persons for countries / Index for country groups","Annual","Millions","3188000.0","3168000.0","3148000.0","3129000.0","3109000.0","3089000.0","3060000.0","3051000.0","3040000.0","3027000.0","3011000.0","2993000.0","2970000.0","2947000.0","2928000.0","2913000.0","2905000.0","2900000.0","2895000.0","2889000.0","2881000.0","2876000.0","2873000.0","2866000.0","2854000.0","2838000.0","2812000.0","2778000.0","2750000.0","2722000.0","2695000.0"
"IMF.RES:WEO(6.0.0)","ARG.LP.A","OBS_VALUE","Argentina","Population, Persons for countries / Index for country groups","Annual","Millions","3.4779E7","3.5196E7","3.5604E7","3.6005E7","3.6399E7","3.6784E7","3.7156E7","3.7516E7","3.787E7","3.8226E7","3.8592E7","3.8971E7","3.9356E7","3.9746E7","4.0134E7","4.0788E7","4.1261E7","4.1733E7","4.2203E7","4.267E7","4.3132E7","4.359E7","4.4045E7","4.4495E7","4.4939E7","4.5377E7","4.5809E7","4.6235E7","4.6655E7","4.7121E7","4.7592E7"
"IMF.RES:WEO(6.0.0)","AGO.LP.A","OBS_VALUE","Angola","Population, Persons for countries / Index for country groups","Annual","Millions","1.3912E7","1.4383E7","1.4871E7","1.5367E7","1.5871E7","1.6394E7","1.6942E7","1.7516E7","1.8124E7","1.8771E7","1.9451E7","2.0162E7","2.091E7","2.1692E7","2.2508E7","2.3364E7","2.4259E7","2.5188E7","2.6147E7","2.7128E7","2.8128E7","2.9155E7","3.0209E7","3.1274E7","3.2354E7","3.3428E7","3.4504E7","3.5589E7","3.6684E7","3.7968E7","3.9297E7"
"IMF.RES:WEO(6.0.0)","AUT.LP.A","OBS_VALUE","Austria","Population, Persons for countries / Index for country groups","Annual","Millions","7948000.0","7959000.0","7968000.0","7977000.0","7992000.0","8012000.0","8042000.0","8082000.0","8118000.0","8169000.0","8225000.0","8268000.0","8295000.0","8322000.0","8341000.0","8361000.0","8389000.0","8426000.0","8477000.0","8544000.0","8630000.0","8740000.0","8815000.0","8885000.0","8859000.0","8901000.0","8932000.0","8978000.0","9105000.0","9159000.0","9182000.0"
"IMF.RES:WEO(6.0.0)","AUS.LP.A","OBS_VALUE","Australia","Population, Persons for countries / Index for country groups","Annual","Millions","1.812E7","1.833E7","1.851E7","1.8706E7","1.8919E7","1.9141E7","1.9386E7","1.9605E7","1.9827E7","2.0046E7","2.0312E7","2.0628E7","2.1016E7","2.1476E7","2.1866E7","2.2172E7","2.2522E7","2.2928E7","2.3298E7","2.364E7","2.3985E7","2.4385E7","2.4759E7","2.5146E7","2.552E7","2.5631E7","2.5771E7","2.6313E7","2.6951E7","2.7122E7","2.7448E7"
"IMF.RES:WEO(6.0.0)","CHN.LP.A","OBS_VALUE","China, People's Republic of","Population, Persons for countries / Index for country groups","Annual","Millions","1.21121E9","1.22389E9","1.23626E9","1.24761E9","1.25786E9","1.26743E9","1.27627E9","1.28453E9","1.29227E9","1.29988E9","1.30756E9","1.31448E9","1.32129E9","1.32802E9","1.3345E9","1.34091E9","1.34916E9","1.35922E9","1.36726E9","1.37646E9","1.38326E9","1.39232E9","1.40011E9","1.40541E9","1.41008E9","1.41212E9","1.4126E9","1.41175E9","1.40967E9","1.40828E9","1.40508E9"
"IMF.RES:WEO(6.0.0)","IND.LP.A","OBS_VALUE","India","Population, Persons for countries / Index for country groups","Annual","Millions","9.64279E8","9.83281E8","1.002335E9","1.021435E9","1.0405E9","1.059634E9","1.078971E9","1.098313E9","1.117415E9","1.136265E9","1.154639E9","1.172374E9","1.189692E9","1.206735E9","1.22364E9","1.240614E9","1.257621E9","1.274487E9","1.291132E9","1.307247E9","1.322867E9","1.338636E9","1.354196E9","1.369003E9","1.383112E9","1.396387E9","1.407564E9","1.417173E9","1.428628E9","1.44172E9","1.454607E9"
